amankan	9.461334678945377e-05
mengerahkan	9.461334678945377e-05
mengusir	0.0003469156048946638
berbadan	9.461334678945377e-05
menyebutkan	0.0028699381859467643
ditempatkan	0.0007569067743156302
memiliki	0.008357512299735083
berencana	0.0016715024599470165
mendatangkan	0.00018922669357890754
mencapai	0.0226441276649426
berada	0.00652832092847231
dianggap	0.0011984357259997476
mengganggu	0.0004730667339472688
diikat	0.00012615112905260502
mengawasi	0.0004099911694209663
melepas	0.0014192002018418065
mendekat	0.00015768891131575627
melaporkan	0.0013245868550523527
mendapatkan	0.0018291913712627729
diserbu	3.1537782263151255e-05
dikerahkan	0.00012615112905260502
kata	0.06468399142172322
menaiki	3.1537782263151255e-05
berkeliaran	3.1537782263151255e-05
menyerbu	0.0003784533871578151
dibunuh	0.0003469156048946638
menganggap	0.0005046045162104201
kesulitan	0.0002838400403683613
mengatasi	0.0011353601614734453
menyebabkan	0.0014507379841049578
berkembang biak	3.1537782263151255e-05
menempatkan	0.0011984357259997476
memangsa	3.1537782263151255e-05
jamu	3.1537782263151255e-05
mengadakan	0.0015138135486312604
mengatakan	0.02939321306925697
mempelajari	0.00012615112905260502
menduga	0.0002838400403683613
membujuk	0.00025230225810521004
menyumbang	0.0008515201211050839
ada	0.01308817963920777
membeberkan	6.307556452630251e-05
menghadiri	0.0005046045162104201
adalah	0.015295824397628359
meraup	3.1537782263151255e-05
mendaur ulang	3.1537782263151255e-05
menyumbangkan	0.00012615112905260502
meninggal	0.0012930490727892014
beramal	6.307556452630251e-05
membantu	0.0026491737101047054
menjadi	0.03090702661788823
dikembangkan	0.0002838400403683613
menerapkan	0.0004415289516841176
memberi	0.0017661158067364703
berkembang	0.0014507379841049578
dikatakan	0.0009461334678945376
berhasil	0.002617635927841554
mendorong	0.003847609436104453
membutuhkan	0.0008515201211050839
dibuat	0.0005992178629998738
diceritakan	3.1537782263151255e-05
tersedia	0.00031537782263151254
menyebut	0.0006622934275261763
mengagumkan	3.1537782263151255e-05
dirilis	6.307556452630251e-05
ditulis	0.00018922669357890754
disutradarai	3.1537782263151255e-05
menggarap	0.00018922669357890754
memperoleh	0.0019553425003153778
berusia	0.001356124637315504
mengharapkan	0.0012299735082628989
membuat	0.004162987258735966
hidup	6.307556452630251e-05
terdaftar	0.00025230225810521004
memasukkan	0.0003784533871578151
diperkirakan	0.006812160968840671
menuju	0.0013245868550523527
mengklaim	0.0004730667339472688
datang	0.0009145956856313864
terlibat	0.0013876624195786552
berlarut-larut	3.1537782263151255e-05
diakhiri	0.00012615112905260502
dirahasiakan	3.1537782263151255e-05
bernama	0.0004415289516841176
menanyai	3.1537782263151255e-05
menentukan	0.0004730667339472688
disebut	0.0013245868550523527
dinamakan	3.1537782263151255e-05
bernilai	0.00031537782263151254
mendengarkan	0.0002207644758420588
memutuskan	0.0017661158067364703
berselisih	6.307556452630251e-05
membayar	0.0014192002018418065
ditemukan	0.0009145956856313864
mengatur	0.0004099911694209663
dikirim	0.0003784533871578151
muncul	0.0010722845969471427
percaya	0.0006938312097893276
dicuri	9.461334678945377e-05
dijual	0.0005046045162104201
dihadapi	0.0006307556452630251
kehilangan	9.461334678945377e-05
melanda	9.461334678945377e-05
diketahui	0.0008515201211050839
disimpan	9.461334678945377e-05
terkena	0.0004099911694209663
diterjang	9.461334678945377e-05
terendam	0.00012615112905260502
dibawa	0.0005676800807367226
dilihat	0.0006307556452630251
disita	0.00015768891131575627
ditantang	6.307556452630251e-05
baca	6.307556452630251e-05
tulis	0.0002838400403683613
mempunyai	0.002207644758420588
meraih	0.0008515201211050839
membuktikan	0.0004099911694209663
membaca	0.0002838400403683613
menulis	0.00018922669357890754
memperlihatkan	0.0010722845969471427
menuntut	0.0006938312097893276
memenuhi	0.0016399646776838652
mengeluh	6.307556452630251e-05
menggunakan	0.0031537782263151254
dilakukan	0.008325974517471931
tahu	0.0014507379841049578
pilih	6.307556452630251e-05
mencari tahu	9.461334678945377e-05
menggelar	0.0002838400403683613
menayangkan	0.00012615112905260502
tampak	0.0005361422984735714
terlambat	6.307556452630251e-05
menghentikan	0.0012615112905260501
diberhentikan	3.1537782263151255e-05
gagal	0.00025230225810521004
bekerja	0.0018291913712627729
terkenal	0.0004730667339472688
merupakan	0.01078592153399773
berasal	0.001986880282578529
berjuang	0.00025230225810521004
merebut	0.0003469156048946638
bersaing	0.0003784533871578151
melawan	0.0008830579033682352
berpengalaman	6.307556452630251e-05
tercatat	0.002396871451999495
diduga	0.0011984357259997476
mencerminkan	0.0010092090324208402
menggendong	3.1537782263151255e-05
menunjukkan	0.004099911694209663
ditanggung	0.00018922669357890754
menjalani	0.0006307556452630251
mengasuh	3.1537782263151255e-05
tidur	0.00018922669357890754
berlangsung	0.002586098145578403
mewakili	0.0002207644758420588
mendapat	0.0022391825406837393
berdiri	0.0002838400403683613
menyampaikan	0.001356124637315504
melihat	0.0029014759682099156
dimulai	0.001356124637315504
dipamerkan	0.00012615112905260502
dibingkai	3.1537782263151255e-05
ditandatangani	0.0010092090324208402
berisi	0.00025230225810521004
putus	3.1537782263151255e-05
dibuang	3.1537782263151255e-05
termasuk	0.006149867541314495
diterbitkan	0.0012299735082628989
disumbangkan	0.00012615112905260502
mendukung	0.003343004919894033
dimiliki	0.0015453513308944114
ikut	0.0007253689920524789
sebut	0.00018922669357890754
mengumumkan	0.0015453513308944114
disiarkan	0.0005046045162104201
dianugerahi	3.1537782263151255e-05
menyela	3.1537782263151255e-05
menggeleng-gelengkan	3.1537782263151255e-05
meminta	0.0017976535889996216
terjadi	0.011195912703418695
menerima	0.002081493629367983
memimpin	0.0006622934275261763
berganti	3.1537782263151255e-05
tergantung	0.0009145956856313864
maju	0.0002838400403683613
mundur	0.0003784533871578151
jelas	0.0015453513308944114
berpelukan	3.1537782263151255e-05
mengucapkan	3.1537782263151255e-05
berjalan	0.0019238047180522265
merangkap	3.1537782263151255e-05
menikah	9.461334678945377e-05
mengundang	0.0002207644758420588
merekam	3.1537782263151255e-05
mengunggah	3.1537782263151255e-05
membagi	6.307556452630251e-05
dibaca	6.307556452630251e-05
direkam	3.1537782263151255e-05
diunggah	6.307556452630251e-05
mempromosikan	6.307556452630251e-05
mengadukan	3.1537782263151255e-05
melakukan	0.01305664185694462
mengoreksi	3.1537782263151255e-05
berkisah	6.307556452630251e-05
punya	0.0013245868550523527
terdiri	0.002933013750473067
berminat	0.0005992178629998738
mendaftarkan	3.1537782263151255e-05
terpilih	0.00012615112905260502
cari	9.461334678945377e-05
mencari	0.0012299735082628989
berancang-ancang	3.1537782263151255e-05
merealisasikan	0.00018922669357890754
dialami	0.00018922669357890754
bersiap-siap	6.307556452630251e-05
mengisi	0.0002207644758420588
diadakan	0.00025230225810521004
memerlukan	0.0007569067743156302
terlihat	0.0011668979437365965
menambahkan	0.0031537782263151254
ditolak	0.00025230225810521004
berkaki	3.1537782263151255e-05
dipilih	0.0002838400403683613
menggambarkan	0.0004099911694209663
berukuran	6.307556452630251e-05
tertutup	0.00025230225810521004
tambah	0.002838400403683613
dijadwalkan	0.0008515201211050839
bersedia	0.0005992178629998738
menarik diri	0.00012615112905260502
tertunda	9.461334678945377e-05
menggantikan	0.0005046045162104201
masuk	0.004289138387788571
mencuri	0.00015768891131575627
memanfaatkan	0.0006307556452630251
terletak	0.0006938312097893276
terpencil	0.0002207644758420588
mengaku	0.0005676800807367226
mendengar	0.0002838400403683613
meneliti	0.00012615112905260502
menjual	0.0013876624195786552
diasuransikan	3.1537782263151255e-05
mempercayai	3.1537782263151255e-05
dapat	0.00018922669357890754
keluar	0.0011984357259997476
makan	0.00025230225810521004
miliki	0.00018922669357890754
habis	0.00018922669357890754
menarik	0.0016715024599470165
merokok	0.0003469156048946638
tertangkap basah	3.1537782263151255e-05
libur	9.461334678945377e-05
dikecam	0.00018922669357890754
menjaga	0.002333795887473193
terkecuali	3.1537782263151255e-05
diidolakan	6.307556452630251e-05
menempatkan diri	6.307556452630251e-05
menyukai	6.307556452630251e-05
terpengaruh	0.00031537782263151254
tumbuh	0.003752996089314999
mempengaruhi	0.0007253689920524789
menyalahkan	0.00031537782263151254
berpengaruh	0.0005992178629998738
bertanggung jawab	0.0006938312097893276
dikejar	6.307556452630251e-05
dituding	6.307556452630251e-05
menjelaskan	0.002333795887473193
membaik	0.002712249274631008
hilang	0.0008199823388419326
terkonfirmasi	3.1537782263151255e-05
menjalankan	0.0005361422984735714
tercipta	0.00015768891131575627
memberikan	0.006402169799419705
ditanya	0.0012299735082628989
katakan	0.0004415289516841176
lari	0.00012615112905260502
mengeluarkan	0.0010407468146839914
berlaku	0.001103822379210294
ujar	0.003122240444051974
berkomitmen	0.00015768891131575627
meningkatkan	0.005519111896051469
terkendali	0.0004415289516841176
naik	0.009682099154787436
dibanding	0.007253689920524789
disebabkan	0.0020499558471048316
lanjut	0.0038791472183676043
mengalami	0.0053298852024725625
memperkirakan	0.0024599470165257977
kira	0.0008515201211050839
mendekati	0.001734578024473319
lihat	0.0010407468146839914
menyerap	0.0002838400403683613
mengancam	0.0003784533871578151
bermasalah	0.0013245868550523527
memfasilitasi	0.0002838400403683613
disampaikan	0.0005992178629998738
bertema	3.1537782263151255e-05
digelar	0.00031537782263151254
mendatang	0.0017976535889996216
mengembangkan	0.0015768891131575627
diakui	0.0004730667339472688
menjembatani	6.307556452630251e-05
melebarkan	9.461334678945377e-05
menggembirakan	0.00015768891131575627
didominasi	0.0003784533871578151
menambah	0.0013245868550523527
menanam	6.307556452630251e-05
disewakan	3.1537782263151255e-05
melayani	0.0007884445565787813
berkunjung	0.0003469156048946638
diserahkan	0.0003784533871578151
menyediakan	0.0012615112905260501
diperlukan	0.0014192002018418065
bersifat	0.0007253689920524789
berdasarkan	0.0036268449602623945
terbang	0.0003469156048946638
menargetkan	0.0010407468146839914
dibandingkan	0.005582187460577772
dimasukkan	0.0002838400403683613
dipublikasikan	0.0003469156048946638
berjangka	0.0008199823388419326
ditentukan	0.0005992178629998738
beli	0.0009776712501576889
dicatatkan	0.0003784533871578151
menandatangani	0.0012930490727892014
memasok	0.00018922669357890754
menyatakan	0.00753752996089315
meningkat	0.009019805727261259
didorong	0.0018607291535259242
mengendalikan	0.0006307556452630251
membuahkan	0.00015768891131575627
bertambah	0.0011984357259997476
membayarkan	3.1537782263151255e-05
ditetapkan	0.0010092090324208402
mempertimbangkan	0.0007253689920524789
dibayarkan	0.0003784533871578151
mengangkat	0.00031537782263151254
pensiun	3.1537782263151255e-05
ucap	0.0018291913712627729
ditunjuk	0.0005046045162104201
mengaudit	3.1537782263151255e-05
berakhir	0.0014507379841049578
menyalurkan	0.0007884445565787813
anggarkan	3.1537782263151255e-05
dianggarkan	6.307556452630251e-05
turun	0.0071906143559984865
bermotor	3.1537782263151255e-05
berkontribusi	6.307556452630251e-05
mengucurkan	0.00015768891131575627
mengemukakan	0.0005676800807367226
menduduki	0.00015768891131575627
memburuk	0.0004415289516841176
menanggapi	0.0004415289516841176
ialah	0.0009145956856313864
dirasakan	0.0002207644758420588
tersebar	0.0004415289516841176
berakibat	0.00015768891131575627
menurunkan	0.0021445691938942854
mulai	0.003752996089314999
memberlakukan	0.00025230225810521004
dijamin	0.00018922669357890754
dipertahankan	0.00031537782263151254
kembali	0.00728522770278794
mempertahankan	0.0011668979437365965
berdomisili	9.461334678945377e-05
diterima	0.0014192002018418065
menaikkan	0.003469156048946638
menegaskan	0.0012299735082628989
jatuh tempo	0.0016715024599470165
diberikan	0.0015453513308944114
diimbangi	0.00012615112905260502
merefleksikan	0.00012615112905260502
berbunga	0.00025230225810521004
dikontrol	6.307556452630251e-05
membukukan	0.0010407468146839914
menguntungkan	0.0009145956856313864
digolongkan	9.461334678945377e-05
diharapkan	0.0032799293553677305
memperbaiki	0.0009461334678945376
berkisar	0.0006307556452630251
ditargetkan	0.0006938312097893276
mengerti	0.00025230225810521004
berniat	0.0002207644758420588
didirikan	0.0010407468146839914
memegang	0.0004730667339472688
menguasai	0.0015138135486312604
membeli	0.0029960893149993694
mengubah	0.0009461334678945376
mengakuisisi	0.0006938312097893276
masukkan	3.1537782263151255e-05
ditemui	9.461334678945377e-05
dihadiri	0.00025230225810521004
di bawah	0.003689920524788697
mempercepat	0.0006307556452630251
siap	0.0010092090324208402
berusaha	0.002333795887473193
merencanakan	0.0006938312097893276
tunggu	0.00015768891131575627
direncanakan	0.0006938312097893276
ketemu	3.1537782263151255e-05
ditemani	6.307556452630251e-05
beri	3.1537782263151255e-05
mengajukan	0.0012930490727892014
minjam	3.1537782263151255e-05
tutur	0.0004730667339472688
menghibahkan	9.461334678945377e-05
memobilisasi	6.307556452630251e-05
menyambut	0.0004415289516841176
digunakan	0.0019553425003153778
membiayai	0.0008830579033682352
berkolaborasi	6.307556452630251e-05
memonitor	0.00018922669357890754
melirik	0.00015768891131575627
monitor	3.1537782263151255e-05
membahas	0.0011668979437365965
meneruskan	0.00012615112905260502
dibahas	0.0004730667339472688
menurun	0.0018607291535259242
berkedudukan	0.0002838400403683613
termuat	3.1537782263151255e-05
terpenuhi	0.0002207644758420588
mengandung	0.00018922669357890754
membebaskan	0.0005361422984735714
diatur	0.0003784533871578151
diajukan	0.0006938312097893276
melampirkan	3.1537782263151255e-05
terkait	0.002396871451999495
tunduk	9.461334678945377e-05
dipersyaratkan	9.461334678945377e-05
turut	0.00018922669357890754
didukung	0.002207644758420588
dilelang	9.461334678945377e-05
memperkukuh	3.1537782263151255e-05
menyusul	0.001734578024473319
memasuki	0.0012299735082628989
memfokuskan	0.0005361422984735714
dinilai	0.0009145956856313864
menekan	0.0014507379841049578
terealisasi	0.0002838400403683613
mempererat	6.307556452630251e-05
membicarakan	0.0004099911694209663
dikenal	0.001608426895420714
mengusulkan	0.0005992178629998738
meminjam	0.0003469156048946638
menunjuk	0.0006622934275261763
dikemukakan	0.0003469156048946638
melahirkan	0.00015768891131575627
menghadapi	0.0021761069761574367
memprihatinkan	3.1537782263151255e-05
disediakan	0.00018922669357890754
berharap	0.0014507379841049578
dibiayai	0.0005992178629998738
mengungkapkan	0.0020499558471048316
ditunjukkan	0.0002838400403683613
menyentuh	0.0002207644758420588
dijadikan	0.0005361422984735714
berkelanjutan	0.00031537782263151254
harap	0.0003784533871578151
dipicu	0.0005676800807367226
memprediksi	0.00015768891131575627
diprediksi	0.00012615112905260502
berbeda	0.0006622934275261763
mencatat	0.002617635927841554
menyoroti	0.0002207644758420588
mengakui	0.0015138135486312604
memegang peranan	3.1537782263151255e-05
menghilangkan	0.0002838400403683613
menganalisis	0.00015768891131575627
berubah	0.0006622934275261763
menyiapkan	0.0004415289516841176
dipersiapkan	0.00012615112905260502
terpakai	9.461334678945377e-05
mengurangi	0.002586098145578403
terpasang	6.307556452630251e-05
ditutup	0.001103822379210294
dijelaskan	0.0004730667339472688
membengkak	0.0003784533871578151
melejit	6.307556452630251e-05
dijaga	0.0003784533871578151
ditingkatkan	0.00025230225810521004
membentuk	0.0007253689920524789
mengasumsikan	3.1537782263151255e-05
melonjak	0.0011668979437365965
dibatasi	0.0004415289516841176
bergerak	0.0018291913712627729
patungan	0.0003469156048946638
dikuasai	0.0009145956856313864
menyetujui	0.001103822379210294
ditambahkan	0.0003784533871578151
dikarenakan	0.00025230225810521004
diselesaikan	0.0004730667339472688
disepakati	0.0004415289516841176
mintakan	3.1537782263151255e-05
dicabut	9.461334678945377e-05
tercapai	0.0012930490727892014
ditujukan	0.0010407468146839914
mengenalkan	3.1537782263151255e-05
diambil	0.0007569067743156302
diberlakukan	0.0004415289516841176
merevisi	0.00025230225810521004
melaksanakan	0.0011668979437365965
bertujuan	0.0006938312097893276
mengarah	0.0005361422984735714
berprofil	3.1537782263151255e-05
disebutkan	0.0011353601614734453
memproyeksikan	0.00031537782263151254
mengganti	0.00015768891131575627
mengakibatkan	0.0018922669357890752
membebani	0.00015768891131575627
fasilitasi	9.461334678945377e-05
berpendapat	0.00025230225810521004
membangun	0.0013876624195786552
berkesinambungan	0.00012615112905260502
berpotensi	0.00025230225810521004
diperkuat	0.00012615112905260502
mendesak	0.0016399646776838652
beroperasi	0.0009776712501576889
mengelola	0.0005046045162104201
bergulir	6.307556452630251e-05
berperan	0.0003784533871578151
dimanfaatkan	0.00015768891131575627
mengembalikan	0.00018922669357890754
dipinjam	3.1537782263151255e-05
tanam	3.1537782263151255e-05
dibeli	0.0004415289516841176
diizinkan	0.0004099911694209663
tersisa	0.00025230225810521004
terhitung	0.00025230225810521004
diselenggarakan	0.0007569067743156302
diganti	0.00012615112905260502
berpindah	0.00018922669357890754
meninggalkan	0.0015768891131575627
melapor	6.307556452630251e-05
berarti	0.0009776712501576889
dibubarkan	3.1537782263151255e-05
butuh	9.461334678945377e-05
duduk	0.00031537782263151254
menghemat waktu	3.1537782263151255e-05
bertemu	0.001482275766368109
selesai	0.0010407468146839914
menginginkan	0.0008515201211050839
terserap	9.461334678945377e-05
dicairkan	0.00015768891131575627
minta	0.0004730667339472688
mengkoordinasikan	9.461334678945377e-05
mengkomunikasikan	6.307556452630251e-05
ditempuh	0.00025230225810521004
dikoordinasikan	9.461334678945377e-05
dikomunikasikan	3.1537782263151255e-05
menerbitkan	0.0014192002018418065
mengikuti	0.0007884445565787813
berbeda-beda	0.00015768891131575627
diperoleh	0.0012615112905260501
didiskusikan	9.461334678945377e-05
dimaksudkan	0.0004099911694209663
berturut-turut	0.0002207644758420588
diturunkan	0.0003469156048946638
musiman	6.307556452630251e-05
diikuti	0.0010407468146839914
dihitung	0.0002838400403683613
mencontohkan	0.0002207644758420588
disetor	0.0003469156048946638
kelihatan	0.00015768891131575627
bermain	0.0006622934275261763
melemah	0.002302258105210042
tertekan	0.0007569067743156302
berspekulasi	0.00025230225810521004
tertahan	0.0002838400403683613
menguat	0.00501450737984105
melebar	6.307556452630251e-05
menunggu	0.0010722845969471427
tertuju	9.461334678945377e-05
mengacu	0.00012615112905260502
menuturkan	0.00015768891131575627
dikonversi	0.00012615112905260502
dimintakan	0.00015768891131575627
mengalihkan	0.0003469156048946638
terintegrasi	0.0002207644758420588
mencakup	0.0005992178629998738
menyelesaikan	0.001356124637315504
coba	0.00012615112905260502
selesaikan	3.1537782263151255e-05
berdasar	0.00031537782263151254
memastikan	0.0005676800807367226
diamanatkan	3.1537782263151255e-05
mengkonversi	6.307556452630251e-05
dilaporkan	0.0009461334678945376
mencabut	0.0003469156048946638
berkaitan	0.0010722845969471427
dirisaukan	3.1537782263151255e-05
mengutang	3.1537782263151255e-05
berbuat	0.00025230225810521004
dipanen	6.307556452630251e-05
diperlemah	0.0002838400403683613
mengutip	0.0010407468146839914
rekam	3.1537782263151255e-05
dikutip	0.0011984357259997476
terserang	0.00018922669357890754
berhembus	3.1537782263151255e-05
dikonfirmasi	0.0002207644758420588
membenarkan	0.0002207644758420588
membantah	0.0006622934275261763
mengkaji	0.0005676800807367226
mencatatkan	0.00018922669357890754
berlokasi	0.0004099911694209663
berhenti	0.0004099911694209663
digugat	3.1537782263151255e-05
bersubsidi	0.00015768891131575627
bertahan	0.0006622934275261763
dibagi	0.00015768891131575627
memotret	3.1537782263151255e-05
mengingatkan	0.0003784533871578151
jadi	0.002838400403683613
bergejolak	0.0004099911694209663
dikurangi	0.0002838400403683613
diakibatkan	0.00012615112905260502
berdampak	0.0006622934275261763
mencermati	0.0002838400403683613
tercermin	0.00025230225810521004
amati	3.1537782263151255e-05
melampaui	0.0003784533871578151
dilaksanakan	0.0015453513308944114
terjalin	9.461334678945377e-05
mengantisipasi	0.0007569067743156302
menghemat	3.1537782263151255e-05
terpaksa	0.0002207644758420588
dipasarkan	3.1537782263151255e-05
diperdagangkan	0.0005992178629998738
memicu	0.001482275766368109
memesan	6.307556452630251e-05
berkenaan	0.00012615112905260502
dinyatakan	0.0003469156048946638
mendirikan	0.0005676800807367226
menetapkan	0.0012930490727892014
diputuskan	0.00031537782263151254
menginvestasikan	0.00018922669357890754
meyakinkan	0.0002838400403683613
dicapai	0.0010722845969471427
sembuh	6.307556452630251e-05
bertahap	0.0006938312097893276
turunkan	6.307556452630251e-05
bangkit	0.00025230225810521004
didasarkan	0.00031537782263151254
berhubungan	0.0004099911694209663
menciptakan	0.0012299735082628989
menandakan	9.461334678945377e-05
dipetakan	3.1537782263151255e-05
mengarahkan	0.0002207644758420588
dimantapkan	3.1537782263151255e-05
menyangkut	0.0006307556452630251
terduga	0.00012615112905260502
diatasi	0.00018922669357890754
dihilangkan	9.461334678945377e-05
memburu	0.0007884445565787813
diliputi	3.1537782263151255e-05
merosot	0.0011984357259997476
terpuruk	0.0010092090324208402
terkoreksi	0.00031537782263151254
mengamati	0.00012615112905260502
perkirakan	0.00018922669357890754
berwenang	0.0005992178629998738
berkepentingan	0.00012615112905260502
memacu	0.00012615112905260502
terlepas	0.00015768891131575627
terdapat	0.0012299735082628989
ungkap	0.0005992178629998738
mungkinkan	3.1537782263151255e-05
dihentikan	0.0003469156048946638
mengakselerasi	3.1537782263151255e-05
mentransformasi	3.1537782263151255e-05
dituntut	0.00015768891131575627
mendasari	0.00012615112905260502
kelola	0.00018922669357890754
diumumkan	0.0006938312097893276
ikut serta	3.1537782263151255e-05
menjawab	0.0004415289516841176
menjamin	0.0005992178629998738
menggenjot	0.00012615112905260502
mendampingi	0.00018922669357890754
menghasilkan	0.0006307556452630251
dicatat	9.461334678945377e-05
menguraikan	3.1537782263151255e-05
bersumber	0.0002207644758420588
diutarakan	9.461334678945377e-05
ditopang	0.00018922669357890754
meminimalkan	9.461334678945377e-05
menyempurnakan	3.1537782263151255e-05
memperkuat	0.0010407468146839914
mencantumkan	6.307556452630251e-05
mengoptimalkan	6.307556452630251e-05
diarahkan	0.00025230225810521004
melanjutkan	0.0006622934275261763
melalui	0.0026807114923678567
pupuk	3.1537782263151255e-05
lakukan	0.0005676800807367226
lewati	3.1537782263151255e-05
menyaksikan	0.0002207644758420588
membuka	0.0008830579033682352
waspadai	6.307556452630251e-05
meredam	9.461334678945377e-05
mengajak	0.00015768891131575627
dinikmati	0.00012615112905260502
berpikir	0.00025230225810521004
mengalir	0.00015768891131575627
dikendalikan	0.0002838400403683613
mencegah	0.0009461334678945376
mengawal	0.00018922669357890754
batuk-batuk	3.1537782263151255e-05
berupaya	0.0005046045162104201
memperhatikan	0.0003469156048946638
pulih	0.00025230225810521004
memandang	0.00031537782263151254
tergerus	6.307556452630251e-05
berkurang	0.0012930490727892014
jatuh	0.0009776712501576889
membahayakan	0.00018922669357890754
berfluktuasi	0.00012615112905260502
mengekspektasikan	3.1537782263151255e-05
merugikan	0.00031537782263151254
bersangkutan	0.00031537782263151254
terbuka	0.0007884445565787813
menanamkan	0.0002838400403683613
menimbulkan	0.0009776712501576889
reda	9.461334678945377e-05
berupa	0.0009776712501576889
menyesuaikan	0.0004730667339472688
ditekan	0.00015768891131575627
mensosialisasikan	6.307556452630251e-05
terafiliasi	6.307556452630251e-05
dipegang	0.00025230225810521004
mengambil	0.0006938312097893276
dipimpin	0.0009776712501576889
diangkat	6.307556452630251e-05
teruji	6.307556452630251e-05
merasa	0.0005046045162104201
bekerja sama	0.0005676800807367226
meluncurkan	0.0003784533871578151
terdiversifikasi	6.307556452630251e-05
menemukan	0.0009145956856313864
memasang	0.0002207644758420588
mengalirkan	9.461334678945377e-05
berpartisipasi	0.00012615112905260502
terangkat	0.00018922669357890754
menanggung	0.0002207644758420588
menyusut	0.0002838400403683613
memangkas	0.0002207644758420588
mencetak	0.00015768891131575627
dibagikan	0.0004415289516841176
terganggu	0.00025230225810521004
usahakan	6.307556452630251e-05
jaga	0.0002207644758420588
terukur	3.1537782263151255e-05
menahan	0.0009145956856313864
ditahan	0.001103822379210294
inginkan	6.307556452630251e-05
disesuaikan	9.461334678945377e-05
melebihi	0.0003784533871578151
berfokus	0.0003469156048946638
tertuang	9.461334678945377e-05
ditarik	0.0002207644758420588
dihambat	9.461334678945377e-05
diinginkan	3.1537782263151255e-05
membelanjakan	6.307556452630251e-05
mencanangkan	3.1537782263151255e-05
berpeluang	0.0005676800807367226
terbagi	9.461334678945377e-05
ditawarkan	0.0005046045162104201
bertindak	0.0005676800807367226
dilunasi	9.461334678945377e-05
memulai	0.0005046045162104201
bersama	0.001103822379210294
mengalokasikan	0.0002838400403683613
difokuskan	0.00012615112905260502
terbentuk	0.00025230225810521004
tertarik	0.00018922669357890754
diakuisisi	0.0002207644758420588
melelang	9.461334678945377e-05
tertulis	0.00025230225810521004
menilai	0.0009776712501576889
beralasan	3.1537782263151255e-05
dibulatkan	3.1537782263151255e-05
dibuktikan	9.461334678945377e-05
dibentuk	0.0004730667339472688
berutang	3.1537782263151255e-05
menawarkan	0.0007253689920524789
harapkan	0.0005046045162104201
upayakan	0.00012615112905260502
menutup	0.0006622934275261763
dialokasikan	0.00031537782263151254
kekurangan	3.1537782263151255e-05
mengekspor	6.307556452630251e-05
anjlok	0.0003469156048946638
berbasis	0.0006938312097893276
dilepaskan	0.00018922669357890754
melarang	0.0004099911694209663
mengambil alih	0.0005992178629998738
dikeluarkan	0.0010092090324208402
bersama-sama	0.0003469156048946638
dipergunakan	0.00015768891131575627
meleset	3.1537782263151255e-05
melambat	0.0005992178629998738
bertekad	0.0003469156048946638
menuntaskan	0.00015768891131575627
mengingat	0.0010407468146839914
tinggal	0.0010092090324208402
memperingati	9.461334678945377e-05
diistilahkan	3.1537782263151255e-05
meliputi	0.0004730667339472688
menghapus	0.0002838400403683613
diminta	0.0005046045162104201
meragukan	9.461334678945377e-05
diterangkan	6.307556452630251e-05
dipakai	0.00025230225810521004
yakinkan	6.307556452630251e-05
tutup	9.461334678945377e-05
berbanding	9.461334678945377e-05
menantikan	3.1537782263151255e-05
bisa jadi	0.00015768891131575627
bersamaan	0.0004730667339472688
dipengaruhi	0.00025230225810521004
menghambat	0.0003784533871578151
bereaksi	9.461334678945377e-05
dinobatkan	3.1537782263151255e-05
menerangkan	3.1537782263151255e-05
memenangkan	0.00025230225810521004
diraih	0.00015768891131575627
dikontribusikan	3.1537782263151255e-05
menaungi	3.1537782263151255e-05
disiapkan	9.461334678945377e-05
memilih	0.0003469156048946638
terjaga	0.0004730667339472688
kasih	3.1537782263151255e-05
tegas	0.0003784533871578151
memadai	0.0004415289516841176
berawal	0.00012615112905260502
memperhitungkan	0.00018922669357890754
diperhitungkan	9.461334678945377e-05
menggeluti	3.1537782263151255e-05
menolak	0.0014507379841049578
diwakili	0.00012615112905260502
diteruspinjamkan	3.1537782263151255e-05
diangsur	9.461334678945377e-05
dibayar	0.0002838400403683613
timbul	0.00025230225810521004
dilimpahkan	6.307556452630251e-05
melesat	3.1537782263151255e-05
diaudit	0.00015768891131575627
terkendala	0.00015768891131575627
menyelimuti	6.307556452630251e-05
mengecil	6.307556452630251e-05
memelihara	0.0002207644758420588
memaksa	0.0005992178629998738
didikte	3.1537782263151255e-05
dirumuskan	3.1537782263151255e-05
meminjamkan	6.307556452630251e-05
menjabat	0.0002207644758420588
berkeliling	3.1537782263151255e-05
diberi	0.00031537782263151254
merusak	0.0005046045162104201
ramai-ramai	3.1537782263151255e-05
mengeroyok	3.1537782263151255e-05
tawar	3.1537782263151255e-05
memaksakan	6.307556452630251e-05
membubarkan	0.0002838400403683613
setuju	0.0004099911694209663
memindahkan	0.00018922669357890754
diteruskan	6.307556452630251e-05
menyerahkan	0.00018922669357890754
merumuskan	9.461334678945377e-05
dipuji	6.307556452630251e-05
terhubung	9.461334678945377e-05
meresmikan	6.307556452630251e-05
diproses	6.307556452630251e-05
menyadari	0.0002838400403683613
memperluas	0.0003784533871578151
bergabung	0.0005046045162104201
terhimpun	3.1537782263151255e-05
tergabung	0.00012615112905260502
disayangkan	6.307556452630251e-05
bersikap	0.0002207644758420588
tersendat	3.1537782263151255e-05
melambung	9.461334678945377e-05
membagikan	0.0002838400403683613
berkualitas	0.00018922669357890754
kerepotan	3.1537782263151255e-05
diterapkan	0.0005046045162104201
tukar	0.0010722845969471427
berkutat	9.461334678945377e-05
membiarkan	0.0002207644758420588
dikorupsi	0.00012615112905260502
menyinggung	0.00012615112905260502
disamakan	6.307556452630251e-05
membudayakan	3.1537782263151255e-05
merinci	9.461334678945377e-05
diungkapkan	0.0002207644758420588
kena	0.00012615112905260502
dibebaskan	0.0011353601614734453
dialirkan	9.461334678945377e-05
dihasilkan	0.0002207644758420588
memperpanjang	0.0002838400403683613
ambil	0.00025230225810521004
disalurkan	0.0009461334678945376
bergeser	9.461334678945377e-05
diperhatikan	0.00018922669357890754
terima	0.00012615112905260502
membolehkan	6.307556452630251e-05
dibutuhkan	0.0004415289516841176
dibayangi	3.1537782263151255e-05
memaparkan	0.00015768891131575627
diperbaiki	0.00012615112905260502
mengkonfirmasikan	0.0002207644758420588
dinaikkan	0.00031537782263151254
mengkompensasi	3.1537782263151255e-05
menjadikan	0.0006307556452630251
berimbas	3.1537782263151255e-05
disusul	0.0003469156048946638
menaruh	0.00012615112905260502
menanam modal	6.307556452630251e-05
tersembunyi	3.1537782263151255e-05
berbisnis	3.1537782263151255e-05
ditangkap	0.001608426895420714
beragama	9.461334678945377e-05
terwujud	9.461334678945377e-05
berganda	3.1537782263151255e-05
menghadirkan	0.00012615112905260502
diinvestasikan	3.1537782263151255e-05
berurutan	3.1537782263151255e-05
mempertegas	0.00015768891131575627
dijadualkan	3.1537782263151255e-05
terkonsentrasi	6.307556452630251e-05
mengoperasikan	0.00012615112905260502
disaksikan	9.461334678945377e-05
diproyeksikan	0.0003469156048946638
menindaklanjuti	9.461334678945377e-05
memberdayakan	0.00012615112905260502
memudahkan	9.461334678945377e-05
mengimbangi	3.1537782263151255e-05
dipercaya	0.00018922669357890754
terpadu	0.00018922669357890754
ditunda	0.0002207644758420588
dimintai	0.0002207644758420588
merelakan	3.1537782263151255e-05
digabungkan	9.461334678945377e-05
mendatangi	6.307556452630251e-05
gunakan	0.00012615112905260502
ternyata	0.0006307556452630251
menggandeng	9.461334678945377e-05
didapatkan	6.307556452630251e-05
menjanjikan	0.0005046045162104201
merelaksasi	6.307556452630251e-05
memperlonggar	3.1537782263151255e-05
mengendurkan	3.1537782263151255e-05
mempermudah	0.00015768891131575627
direlaksasi	3.1537782263151255e-05
memungkinkan	0.0006938312097893276
dimungkinkan	0.00018922669357890754
menjaring	3.1537782263151255e-05
disengaja	6.307556452630251e-05
dibicarakan	9.461334678945377e-05
mengantongi	6.307556452630251e-05
dipecah	6.307556452630251e-05
menopang	0.00018922669357890754
itung	3.1537782263151255e-05
itungan	3.1537782263151255e-05
mengecewakan	3.1537782263151255e-05
disebut-sebut	9.461334678945377e-05
mempersiapkan	0.00025230225810521004
targetkan	6.307556452630251e-05
menyemburkan	3.1537782263151255e-05
menggenangi	3.1537782263151255e-05
mengakhiri	0.0009145956856313864
mendanai	0.0003469156048946638
direvisi	6.307556452630251e-05
disetujui	0.0004730667339472688
beserta	9.461334678945377e-05
hadir	0.00025230225810521004
bersatu	0.0003469156048946638
menyusun	0.00012615112905260502
meletakkan	0.00025230225810521004
mewarisi	6.307556452630251e-05
dibanjiri	3.1537782263151255e-05
memantapkan	3.1537782263151255e-05
mengidentifikasi	0.0002207644758420588
menghabiskan	0.00018922669357890754
menembus	0.0008830579033682352
berlanjut	0.001103822379210294
membatalkan	0.00012615112905260502
meloloskan	6.307556452630251e-05
menghindari	0.00025230225810521004
mengikat	0.00018922669357890754
ditaksir	3.1537782263151255e-05
mendominasi	0.00015768891131575627
melikuidasi	6.307556452630251e-05
bubar	3.1537782263151255e-05
bermitra	6.307556452630251e-05
menjangkau	0.00015768891131575627
bernaung	3.1537782263151255e-05
mengumpulkan	0.0003784533871578151
diberitakan	6.307556452630251e-05
bertolak	0.00018922669357890754
mengemuka	9.461334678945377e-05
mengimplementasikan	3.1537782263151255e-05
dibantu	0.00015768891131575627
berorientasi	0.00012615112905260502
berkeadilan	3.1537782263151255e-05
mencairkan	6.307556452630251e-05
tinggalkan	6.307556452630251e-05
mensejahterakan	6.307556452630251e-05
memakmurkan	6.307556452630251e-05
diwujudkan	0.00015768891131575627
terjual	9.461334678945377e-05
dilandasi	6.307556452630251e-05
bertumpu	3.1537782263151255e-05
diukur	0.00015768891131575627
mewujudkan	0.0005046045162104201
ditengok	3.1537782263151255e-05
menghitung	9.461334678945377e-05
menyeluruh	0.0003784533871578151
dipenuhi	0.00018922669357890754
terapresiasi	6.307556452630251e-05
membawa	0.0015768891131575627
dihimpun	0.0002207644758420588
tercairkan	3.1537782263151255e-05
dikhawatirkan	0.0004730667339472688
berkapasitas	9.461334678945377e-05
dikirimkan	0.00015768891131575627
minta izin	3.1537782263151255e-05
memperkaya	6.307556452630251e-05
mengambil bagian	0.00018922669357890754
terdilusi	3.1537782263151255e-05
dilanjutkan	0.0002838400403683613
merancang	0.00018922669357890754
jual beli	0.00012615112905260502
merangkak	9.461334678945377e-05
mengerek	3.1537782263151255e-05
tercantum	6.307556452630251e-05
dimaksud	0.0003469156048946638
lingkup	3.1537782263151255e-05
disahkan	0.00015768891131575627
di-endorse	3.1537782263151255e-05
mengirimkan	0.0005992178629998738
menunjang	0.00012615112905260502
tergolong	0.00012615112905260502
tiba	0.0010092090324208402
berjumlah	0.0004099911694209663
mengganjal	6.307556452630251e-05
menghapuskan	0.00018922669357890754
disadari	6.307556452630251e-05
mengambang	0.00015768891131575627
diinterpretasikan	3.1537782263151255e-05
tersebar luas	3.1537782263151255e-05
menikmati	0.00018922669357890754
bertransaksi	3.1537782263151255e-05
diakses	3.1537782263151255e-05
berbelanja	6.307556452630251e-05
berlogo	3.1537782263151255e-05
dirintis	3.1537782263151255e-05
ditandai	0.0002207644758420588
dibuka	0.00025230225810521004
diresmikan	6.307556452630251e-05
membanjiri	9.461334678945377e-05
memasarkan	6.307556452630251e-05
mewajibkan	0.00015768891131575627
memproses	6.307556452630251e-05
diusulkan	0.00015768891131575627
mendalam	0.00031537782263151254
memanggil	9.461334678945377e-05
dicurigai	0.0004415289516841176
dipanggil	6.307556452630251e-05
bohong	3.1537782263151255e-05
mengkoordinasi	9.461334678945377e-05
membalik	3.1537782263151255e-05
pandang	0.00012615112905260502
nyatakan	3.1537782263151255e-05
dicegat	6.307556452630251e-05
menemui	0.00012615112905260502
mendiskusikan	0.00025230225810521004
pikir	0.00018922669357890754
dipercepat	3.1537782263151255e-05
ditegaskan	0.00012615112905260502
memahami	0.0006307556452630251
mencoba	0.0008830579033682352
mengunjungi	0.0006938312097893276
menghargai	9.461334678945377e-05
menjalin	0.00018922669357890754
melindungi	0.0004730667339472688
memposisikan	3.1537782263151255e-05
terdata	3.1537782263151255e-05
ditembus	3.1537782263151255e-05
diekspor	9.461334678945377e-05
jadikan	3.1537782263151255e-05
kejar	3.1537782263151255e-05
didampingi	0.00012615112905260502
memakai	0.0002207644758420588
berkabel	3.1537782263151255e-05
urai	3.1537782263151255e-05
merelokasi	6.307556452630251e-05
direlokasi	3.1537782263151255e-05
disubsidi	6.307556452630251e-05
tertanggal	6.307556452630251e-05
dijalankan	0.00031537782263151254
dikonversikan	3.1537782263151255e-05
berkinerja	0.00012615112905260502
dengar	0.00015768891131575627
rencanakan	6.307556452630251e-05
menentu	0.00012615112905260502
terbitkan	3.1537782263151255e-05
kerjakan	0.00012615112905260502
mengusahakan	3.1537782263151255e-05
perkuat	3.1537782263151255e-05
memakan	9.461334678945377e-05
meyakini	6.307556452630251e-05
diupayakan	0.00012615112905260502
memberhentikan	9.461334678945377e-05
berproduksi	9.461334678945377e-05
berbahan	6.307556452630251e-05
bakar	6.307556452630251e-05
memperkenalkan	0.00015768891131575627
direalisasikan	0.00018922669357890754
mempekerjakan	9.461334678945377e-05
hati-hati	0.0002207644758420588
melewati	0.0005361422984735714
dicermati	6.307556452630251e-05
mereda	0.00025230225810521004
dikompensasi	3.1537782263151255e-05
merujuk	0.0004099911694209663
menyelenggarakan	0.00015768891131575627
mematuhi	0.0002207644758420588
menghormati	0.00025230225810521004
mengejar	0.00025230225810521004
membatasi	0.00025230225810521004
mematok	9.461334678945377e-05
menelan	0.00012615112905260502
bayar	0.00012615112905260502
direekspor	3.1537782263151255e-05
beralih	0.00018922669357890754
menjajaki	0.00018922669357890754
ditawari	3.1537782263151255e-05
dibangun	0.00031537782263151254
berputar	3.1537782263151255e-05
berbagi	0.00012615112905260502
dikoreksi	3.1537782263151255e-05
mendahulukan	3.1537782263151255e-05
diteliti	0.00012615112905260502
siapkan	3.1537782263151255e-05
sampaikan	0.00015768891131575627
fokuskan	3.1537782263151255e-05
dihubungi	0.00012615112905260502
dipacu	3.1537782263151255e-05
menangani	0.0004730667339472688
dipisahkan	6.307556452630251e-05
menyajikan	9.461334678945377e-05
sanggah	3.1537782263151255e-05
diproyeksi	0.00012615112905260502
menutupi	0.0003784533871578151
memperlemah	6.307556452630251e-05
memantau	0.00018922669357890754
menganggur	9.461334678945377e-05
bertugas	0.00031537782263151254
memuaskan	0.00015768891131575627
melibatkan	0.0006307556452630251
jual	0.00015768891131575627
dikoleksi	3.1537782263151255e-05
ditunjang	6.307556452630251e-05
dikontribusi	0.00012615112905260502
ngomong	3.1537782263151255e-05
berkonsentrasi	6.307556452630251e-05
diwaspadai	0.00012615112905260502
dikompromi	3.1537782263151255e-05
diketuai	3.1537782263151255e-05
lulus	9.461334678945377e-05
disertai	0.0002207644758420588
terfokus	0.00012615112905260502
terdorong	6.307556452630251e-05
bernomor	3.1537782263151255e-05
dikenai	3.1537782263151255e-05
dikenakan	0.0002838400403683613
mengetahui	0.0007884445565787813
memperdalam	6.307556452630251e-05
berjenis	9.461334678945377e-05
serah	3.1537782263151255e-05
papar	9.461334678945377e-05
bermaksud	0.00015768891131575627
terancam	0.00015768891131575627
berkejaran	3.1537782263151255e-05
dibebani	3.1537782263151255e-05
berderajat	3.1537782263151255e-05
menggerakkan	0.00018922669357890754
me-relinguish	3.1537782263151255e-05
melepaskan	0.0008515201211050839
dialihkan	0.00018922669357890754
merepresentasikan	3.1537782263151255e-05
bandingkan	3.1537782263151255e-05
terbukti	0.0004099911694209663
melanggar	0.0004099911694209663
me-review	3.1537782263151255e-05
kaji	9.461334678945377e-05
ulang	0.00018922669357890754
dikumpulkan	6.307556452630251e-05
menumpang	6.307556452630251e-05
ditangani	0.00012615112905260502
ditindaklanjuti	3.1537782263151255e-05
tertinggal	9.461334678945377e-05
memperkecil	6.307556452630251e-05
melintas	6.307556452630251e-05
merekomendasikan	6.307556452630251e-05
memformulasikan	0.00012615112905260502
bekerjasama	9.461334678945377e-05
melipatgandakan	3.1537782263151255e-05
digarap	9.461334678945377e-05
melempem	3.1537782263151255e-05
menstimulus	6.307556452630251e-05
diwarnai	6.307556452630251e-05
silih berganti	3.1537782263151255e-05
dibekali	3.1537782263151255e-05
manfaatkan	6.307556452630251e-05
ditebak	3.1537782263151255e-05
berdiskusi	9.461334678945377e-05
mengakselerasikan	3.1537782263151255e-05
menahan diri	9.461334678945377e-05
mengisyaratkan	0.00012615112905260502
kemukakan	3.1537782263151255e-05
berhati-hati	0.00015768891131575627
berisiko	0.00012615112905260502
beredar	0.00015768891131575627
diperlambat	3.1537782263151255e-05
aku	3.1537782263151255e-05
tingkatkan	6.307556452630251e-05
anggap	6.307556452630251e-05
tersalurkan	9.461334678945377e-05
mengindikasikan	0.0003469156048946638
sayangkan	3.1537782263151255e-05
menghimbau	0.0002207644758420588
disambut	0.00012615112905260502
terbantu	6.307556452630251e-05
mengindahkan	3.1537782263151255e-05
mengakar	3.1537782263151255e-05
membandingkan	3.1537782263151255e-05
ditutupi	3.1537782263151255e-05
hitung-hitungan	6.307556452630251e-05
ditambah	0.00031537782263151254
menyimpulkan	0.00015768891131575627
direspon	0.00012615112905260502
merumahkan	6.307556452630251e-05
memproduksi	0.00018922669357890754
dipasok	3.1537782263151255e-05
berulang	3.1537782263151255e-05
bersyukur	6.307556452630251e-05
tertimbang	9.461334678945377e-05
menyeret	0.00012615112905260502
pertahankan	3.1537782263151255e-05
kebagian	3.1537782263151255e-05
disinggung	3.1537782263151255e-05
memperbesar	0.0002207644758420588
penuhi	3.1537782263151255e-05
butuhkan	3.1537782263151255e-05
menata	6.307556452630251e-05
perhatikan	3.1537782263151255e-05
berbalik	3.1537782263151255e-05
bersandar	9.461334678945377e-05
terhapus	3.1537782263151255e-05
menyepakati	0.0004415289516841176
periksa	6.307556452630251e-05
silang	6.307556452630251e-05
ketahui	9.461334678945377e-05
memeriksa	0.0004415289516841176
berkomentar	6.307556452630251e-05
ditoleransi	6.307556452630251e-05
berkala	9.461334678945377e-05
didesak	9.461334678945377e-05
paham	6.307556452630251e-05
mengorbankan	6.307556452630251e-05
terbilang	3.1537782263151255e-05
memikirkan	0.00012615112905260502
memperingatkan	0.0008515201211050839
melunasi	0.00015768891131575627
tenggelam	0.0004415289516841176
ajukan	3.1537782263151255e-05
dibatalkan	0.00015768891131575627
mendistribusikan	3.1537782263151255e-05
terungkap	9.461334678945377e-05
tertanam	6.307556452630251e-05
diperpanjang	9.461334678945377e-05
menambang	3.1537782263151255e-05
mengirim	0.0012299735082628989
ditukar	6.307556452630251e-05
balik	6.307556452630251e-05
mengizinkan	0.0004730667339472688
jalan	6.307556452630251e-05
umumkan	6.307556452630251e-05
menggairahkan	3.1537782263151255e-05
membenahi	3.1537782263151255e-05
menganggarkan	9.461334678945377e-05
didanai	0.00012615112905260502
ditempati	6.307556452630251e-05
dirasa	9.461334678945377e-05
mengamankan	0.00018922669357890754
berpenghasilan	0.0004415289516841176
pergi	0.0006622934275261763
menguatkan	9.461334678945377e-05
menilik	9.461334678945377e-05
mengelak	3.1537782263151255e-05
didistribusikan	3.1537782263151255e-05
persiapkan	3.1537782263151255e-05
diperbesar	9.461334678945377e-05
memerangi	0.0004099911694209663
berdekatan	0.0002207644758420588
transfer	0.0003469156048946638
mengabaikan	0.00018922669357890754
mengimpor	0.00015768891131575627
merestrukturisasi	6.307556452630251e-05
diawasi	0.00012615112905260502
mempresentasikan	3.1537782263151255e-05
terbit	6.307556452630251e-05
melamar	3.1537782263151255e-05
tentukan	3.1537782263151255e-05
memperdagangkan	3.1537782263151255e-05
dilepas	9.461334678945377e-05
tergenang	3.1537782263151255e-05
dituntaskan	6.307556452630251e-05
giling	3.1537782263151255e-05
dilibatkan	9.461334678945377e-05
mengungkap	0.00012615112905260502
memblokir	3.1537782263151255e-05
dicegah	6.307556452630251e-05
mengukuhkan	6.307556452630251e-05
diciptakan	0.00012615112905260502
diproduksi	3.1537782263151255e-05
mensyaratkan	9.461334678945377e-05
memunculkan	6.307556452630251e-05
menentang	0.0006307556452630251
mengontrol	0.00012615112905260502
meminimalisasi	6.307556452630251e-05
direkomendasikan	3.1537782263151255e-05
diperlakukan	0.00012615112905260502
wajib	6.307556452630251e-05
lapor	6.307556452630251e-05
carter	3.1537782263151255e-05
berkompeten	3.1537782263151255e-05
berkenan	3.1537782263151255e-05
diminati	9.461334678945377e-05
menukik	3.1537782263151255e-05
melekat	0.00012615112905260502
melonggarkan	3.1537782263151255e-05
salahkan	9.461334678945377e-05
menyuplai	3.1537782263151255e-05
dipatok	6.307556452630251e-05
dilatarbelakangi	6.307556452630251e-05
berangsur	6.307556452630251e-05
memaksimalkan	9.461334678945377e-05
diangkut	0.00012615112905260502
berbendera	9.461334678945377e-05
melansir	6.307556452630251e-05
menginvestasi	3.1537782263151255e-05
dibarengi	3.1537782263151255e-05
diimplementasikan	6.307556452630251e-05
merugi	3.1537782263151255e-05
mewaspadai	9.461334678945377e-05
dipantau	6.307556452630251e-05
diwajibkan	6.307556452630251e-05
susun	3.1537782263151255e-05
tanda tangani	3.1537782263151255e-05
cermati	3.1537782263151255e-05
buat	3.1537782263151255e-05
dibereskan	3.1537782263151255e-05
dilantik	6.307556452630251e-05
ingat	3.1537782263151255e-05
ingin tahu	3.1537782263151255e-05
bertanya	6.307556452630251e-05
ditotal	3.1537782263151255e-05
lempar	3.1537782263151255e-05
meng-'cover'	3.1537782263151255e-05
dilindungi	0.00018922669357890754
terlampaui	3.1537782263151255e-05
berbentuk	9.461334678945377e-05
dicanangkan	6.307556452630251e-05
terimbas	9.461334678945377e-05
mengimbas	6.307556452630251e-05
digariskan	3.1537782263151255e-05
diasumsikan	9.461334678945377e-05
parkir	3.1537782263151255e-05
terpicu	0.00018922669357890754
beroda	3.1537782263151255e-05
merespon	6.307556452630251e-05
resmikan	3.1537782263151255e-05
membayangkan	6.307556452630251e-05
bayangkan	3.1537782263151255e-05
berkesempatan	6.307556452630251e-05
diluncurkan	0.00015768891131575627
menimba	3.1537782263151255e-05
timba	3.1537782263151255e-05
menyulitkan	6.307556452630251e-05
percayalah	3.1537782263151255e-05
finalkan	3.1537782263151255e-05
pakai	3.1537782263151255e-05
ditakutkan	9.461334678945377e-05
mencacat	3.1537782263151255e-05
memadukan	6.307556452630251e-05
terjangkau	0.00012615112905260502
menampung	9.461334678945377e-05
beranggotakan	9.461334678945377e-05
turun naik	3.1537782263151255e-05
diinvestigasi	3.1537782263151255e-05
diselidiki	3.1537782263151255e-05
melesu	6.307556452630251e-05
tawarkan	3.1537782263151255e-05
mengambil keputusan	6.307556452630251e-05
memanas	3.1537782263151255e-05
ditimbulkan	9.461334678945377e-05
berkumpul	0.0003784533871578151
dilanda	0.0007884445565787813
mengendur	6.307556452630251e-05
diubah	0.00025230225810521004
memperbanyak	9.461334678945377e-05
meringankan	9.461334678945377e-05
bermunculan	3.1537782263151255e-05
berdenominasi	3.1537782263151255e-05
diuntungkan	3.1537782263151255e-05
estimasikan	3.1537782263151255e-05
menjaminkan	3.1537782263151255e-05
peduli	0.00012615112905260502
berkeyakinan	0.00012615112905260502
diedarkan	9.461334678945377e-05
menantang	6.307556452630251e-05
berskala	6.307556452630251e-05
berwacana	3.1537782263151255e-05
diajak	6.307556452630251e-05
berdialog	3.1537782263151255e-05
merealokasi	3.1537782263151255e-05
dilarang	9.461334678945377e-05
menyalahi	3.1537782263151255e-05
berbiaya	3.1537782263151255e-05
menyuntikkan	6.307556452630251e-05
tarik	3.1537782263151255e-05
melangkah	9.461334678945377e-05
diuji	3.1537782263151255e-05
tagih	3.1537782263151255e-05
bilang	3.1537782263151255e-05
dilengkapi	6.307556452630251e-05
mengkhawatirkan	0.0002207644758420588
merasakan	0.00012615112905260502
diyakini	0.0003469156048946638
tanggung jawab	6.307556452630251e-05
dikomandoi	3.1537782263151255e-05
patuhi	3.1537782263151255e-05
menunda	0.00015768891131575627
diantisipasi	9.461334678945377e-05
dipersingkat	3.1537782263151255e-05
diperpendek	6.307556452630251e-05
diingat	3.1537782263151255e-05
perhitungkan	3.1537782263151255e-05
pegang	9.461334678945377e-05
terasa	0.00025230225810521004
memasyarakatkan	3.1537782263151255e-05
merisaukan	3.1537782263151255e-05
bahas	3.1537782263151255e-05
melantik	3.1537782263151255e-05
menempati	9.461334678945377e-05
memperkokoh	9.461334678945377e-05
dikaji	3.1537782263151255e-05
rampung	0.00012615112905260502
di-buy back	3.1537782263151255e-05
bicarakan	6.307556452630251e-05
melorot	3.1537782263151255e-05
mewacanakan	3.1537782263151255e-05
bersyarat	9.461334678945377e-05
mengeliminir	3.1537782263151255e-05
dihibahkan	3.1537782263151255e-05
dilirik	3.1537782263151255e-05
menjauhi	0.00012615112905260502
memborong	3.1537782263151255e-05
menunggak	6.307556452630251e-05
dipastikan	0.0002207644758420588
berikan	0.00012615112905260502
berimbang	3.1537782263151255e-05
merata	9.461334678945377e-05
dipersepsikan	6.307556452630251e-05
menstabilkan	0.00018922669357890754
menstabilisasi	3.1537782263151255e-05
didapat	0.00015768891131575627
di-arrange	3.1537782263151255e-05
buka	0.00015768891131575627
diprediksikan	3.1537782263151255e-05
menyiasati	3.1537782263151255e-05
memotong	0.00012615112905260502
di-budget-kan	3.1537782263151255e-05
berlebih	3.1537782263151255e-05
diragukan	3.1537782263151255e-05
bocor	3.1537782263151255e-05
dicukupi	3.1537782263151255e-05
digambarkan	9.461334678945377e-05
menyuntik	3.1537782263151255e-05
bangkrut	6.307556452630251e-05
dipangkas	3.1537782263151255e-05
merambat	3.1537782263151255e-05
menghimpun	0.00025230225810521004
dicadangkan	3.1537782263151255e-05
ambruk	0.00018922669357890754
berguguran	3.1537782263151255e-05
mencari untung	9.461334678945377e-05
menggunung	3.1537782263151255e-05
diusung	6.307556452630251e-05
berkantor	0.00012615112905260502
beruntung	6.307556452630251e-05
terpancing	3.1537782263151255e-05
berkoordinasi	3.1537782263151255e-05
berinvestasi	0.00015768891131575627
usai	3.1537782263151255e-05
menggiurkan	3.1537782263151255e-05
mogok kerja	3.1537782263151255e-05
jelang	3.1537782263151255e-05
nampak	0.00018922669357890754
mengeksekusi	6.307556452630251e-05
merampungkan	3.1537782263151255e-05
meninjau	0.0002207644758420588
mudik	3.1537782263151255e-05
memprioritaskan	6.307556452630251e-05
bernegosiasi	3.1537782263151255e-05
bermodal	6.307556452630251e-05
teruskan	3.1537782263151255e-05
terjamin	9.461334678945377e-05
capai	9.461334678945377e-05
belajar	0.0003469156048946638
lipat	0.00018922669357890754
diungkap	6.307556452630251e-05
menceritakan	6.307556452630251e-05
terangkum	3.1537782263151255e-05
terlaksana	3.1537782263151255e-05
berbarengan	3.1537782263151255e-05
membuyarkan	3.1537782263151255e-05
digencarkan	3.1537782263151255e-05
diartikan	3.1537782263151255e-05
mendiamkan	3.1537782263151255e-05
menyehatkan	3.1537782263151255e-05
fokus	0.00012615112905260502
berlipat ganda	3.1537782263151255e-05
luput	3.1537782263151255e-05
dikaitkan	0.00015768891131575627
dioperasikan	9.461334678945377e-05
dikelola	0.00018922669357890754
digenjot	3.1537782263151255e-05
sepakati	3.1537782263151255e-05
konsultasikan	3.1537782263151255e-05
direm	6.307556452630251e-05
berstatus	0.00012615112905260502
bepergian	0.00018922669357890754
melaju	0.00012615112905260502
naik turun	3.1537782263151255e-05
mempelopori	9.461334678945377e-05
dihuni	3.1537782263151255e-05
mengerem	6.307556452630251e-05
kepanasan	3.1537782263151255e-05
terpangkas	3.1537782263151255e-05
mengandalkan	0.00025230225810521004
lupa	6.307556452630251e-05
berkonsumsi	3.1537782263151255e-05
ditransfer	9.461334678945377e-05
mengakomodasi	9.461334678945377e-05
memperlancar	0.00012615112905260502
lepas	0.0003469156048946638
kasih tahu	3.1537782263151255e-05
cekal	9.461334678945377e-05
disetorkan	3.1537782263151255e-05
hitung	3.1537782263151255e-05
melompat	9.461334678945377e-05
mensinyalir	6.307556452630251e-05
mengejutkan	9.461334678945377e-05
mengevaluasi	6.307556452630251e-05
meluas	0.00018922669357890754
mengambil untung	3.1537782263151255e-05
terbatas	0.0004099911694209663
ditakuti	6.307556452630251e-05
disimak	3.1537782263151255e-05
dilontarkan	6.307556452630251e-05
menakutkan	6.307556452630251e-05
bersenjata	0.0018291913712627729
mematikan	0.0004730667339472688
dimusnahkan	3.1537782263151255e-05
dibenahi	6.307556452630251e-05
mengklasifikasikan	3.1537782263151255e-05
menggandakan	3.1537782263151255e-05
membungakan	3.1537782263151255e-05
dikutuk	3.1537782263151255e-05
dilahirkan	0.00012615112905260502
biarkan	9.461334678945377e-05
berpendapatan	3.1537782263151255e-05
terantisipasi	6.307556452630251e-05
diklasifikasikan	3.1537782263151255e-05
redistribusi	3.1537782263151255e-05
berujung	9.461334678945377e-05
menyimpan	3.1537782263151255e-05
berfungsi	0.0002207644758420588
terkumpul	6.307556452630251e-05
melemahkan	6.307556452630251e-05
bergairah	3.1537782263151255e-05
telaah	3.1537782263151255e-05
memberatkan	3.1537782263151255e-05
menempa	3.1537782263151255e-05
bermotifkan	3.1537782263151255e-05
bermotif	0.00012615112905260502
menyeberang	0.00018922669357890754
mencederai	0.0005046045162104201
dicetuskan	3.1537782263151255e-05
terpelajar	6.307556452630251e-05
terbebas	6.307556452630251e-05
membara	3.1537782263151255e-05
menjerat	9.461334678945377e-05
bermartabat	3.1537782263151255e-05
dibayangkan	3.1537782263151255e-05
mengebiri	3.1537782263151255e-05
didasari	9.461334678945377e-05
ditinjau	6.307556452630251e-05
memajukan	9.461334678945377e-05
terstruktur	3.1537782263151255e-05
dijembatani	3.1537782263151255e-05
membangkitkan	0.00015768891131575627
dicap	0.00012615112905260502
disponsori	0.00012615112905260502
lahir	0.00025230225810521004
diputus	6.307556452630251e-05
menenggelamkan	6.307556452630251e-05
dijanjikan	9.461334678945377e-05
melanggengkan	6.307556452630251e-05
dikedepankan	3.1537782263151255e-05
simpan	0.0002207644758420588
pinjam	0.0002207644758420588
merajalela	3.1537782263151255e-05
terbendung	6.307556452630251e-05
bahu-membahu	3.1537782263151255e-05
mengusung	3.1537782263151255e-05
di muka	6.307556452630251e-05
mengamanatkan	3.1537782263151255e-05
celaka	3.1537782263151255e-05
kalah	0.00015768891131575627
gerak	6.307556452630251e-05
ditelurkan	3.1537782263151255e-05
mengental	3.1537782263151255e-05
mengimani	3.1537782263151255e-05
menyukseskan	3.1537782263151255e-05
merasuk	6.307556452630251e-05
melicinkan jalan	3.1537782263151255e-05
didahului	3.1537782263151255e-05
menggadaikan	3.1537782263151255e-05
terdokumentasi	3.1537782263151255e-05
terapkan	3.1537782263151255e-05
termarginalkan	3.1537782263151255e-05
dikerdilkan	3.1537782263151255e-05
berdalih	3.1537782263151255e-05
mendeteksi	3.1537782263151255e-05
berlawanan	6.307556452630251e-05
membendung	0.00018922669357890754
berangkat	0.00025230225810521004
dikorbankan	6.307556452630251e-05
tertindas	3.1537782263151255e-05
menerobos	0.00015768891131575627
menjarah	9.461334678945377e-05
ciptakan	6.307556452630251e-05
membesar	6.307556452630251e-05
mengeruk	6.307556452630251e-05
namakan	3.1537782263151255e-05
melempar	3.1537782263151255e-05
menggurita	3.1537782263151255e-05
mengenal	9.461334678945377e-05
merangsek	6.307556452630251e-05
mencaplok	6.307556452630251e-05
kuasai	3.1537782263151255e-05
melego	3.1537782263151255e-05
merambah	3.1537782263151255e-05
berkubang	3.1537782263151255e-05
mencalonkan	0.00018922669357890754
menang	0.00012615112905260502
dicalonkan	3.1537782263151255e-05
menghambakan	3.1537782263151255e-05
memperlicin	3.1537782263151255e-05
kembangkan	3.1537782263151255e-05
berbasiskan	3.1537782263151255e-05
mempermainkan	3.1537782263151255e-05
berlipat-lipat	3.1537782263151255e-05
dilupakan	6.307556452630251e-05
terseret	3.1537782263151255e-05
digaji	3.1537782263151255e-05
melemparkan	0.00018922669357890754
mengurus	0.00012615112905260502
dihabisi	3.1537782263151255e-05
bermental	6.307556452630251e-05
bercorak	0.00012615112905260502
menelusuri	0.00012615112905260502
menjalar	3.1537782263151255e-05
ditelusuri	6.307556452630251e-05
bertolak belakang	0.00018922669357890754
berpihak	6.307556452630251e-05
menggeser	3.1537782263151255e-05
dipaksakan	3.1537782263151255e-05
menjamur	3.1537782263151255e-05
mewarnai	3.1537782263151255e-05
meledak	0.0008199823388419326
dihapuskan	6.307556452630251e-05
diambangkan	3.1537782263151255e-05
dikembalikan	0.00012615112905260502
memperjelas	3.1537782263151255e-05
dihadapkan	6.307556452630251e-05
paksa	6.307556452630251e-05
membekukan	6.307556452630251e-05
dipusingkan	3.1537782263151255e-05
gonjang-ganjingnya	3.1537782263151255e-05
dikokohkan	3.1537782263151255e-05
terjerumus	6.307556452630251e-05
dilenyapkan	3.1537782263151255e-05
jawab	3.1537782263151255e-05
meliberalisasi	3.1537782263151255e-05
merampok	6.307556452630251e-05
mengemis	3.1537782263151255e-05
menekankan	0.0005046045162104201
memandu	3.1537782263151255e-05
terperosok	6.307556452630251e-05
bergantung	0.00012615112905260502
menggali	6.307556452630251e-05
di-mark up	6.307556452630251e-05
menganakemaskan	3.1537782263151255e-05
menggusur	3.1537782263151255e-05
dikucurkan	3.1537782263151255e-05
menguras	3.1537782263151255e-05
dimanjakan	3.1537782263151255e-05
membidik	6.307556452630251e-05
dirikan	3.1537782263151255e-05
menghisap	6.307556452630251e-05
melarikan	6.307556452630251e-05
memprivatisasi	9.461334678945377e-05
diprivatisasi	9.461334678945377e-05
menimpa	3.1537782263151255e-05
menghebohkan	3.1537782263151255e-05
dirugikan	3.1537782263151255e-05
menawar	3.1537782263151255e-05
obral	3.1537782263151255e-05
menggalang	0.00012615112905260502
didivestasi	3.1537782263151255e-05
diminimumkan	3.1537782263151255e-05
dipaksa	0.00025230225810521004
mengetatkan	3.1537782263151255e-05
mempercantik	3.1537782263151255e-05
membangkrutkan	3.1537782263151255e-05
dibungkus	6.307556452630251e-05
dimaknai	3.1537782263151255e-05
mengelabui	3.1537782263151255e-05
menyesatkan	3.1537782263151255e-05
berjudul	9.461334678945377e-05
merintangi	3.1537782263151255e-05
hindari	3.1537782263151255e-05
diawali	6.307556452630251e-05
memberantas	0.00015768891131575627
potong	3.1537782263151255e-05
menggagalkan	6.307556452630251e-05
usung	3.1537782263151255e-05
bertentangan	0.00012615112905260502
menjauhkan	6.307556452630251e-05
menggariskan	3.1537782263151255e-05
berlepas tangan	3.1537782263151255e-05
terkategori	3.1537782263151255e-05
diperbolehkan	9.461334678945377e-05
bersabda	6.307556452630251e-05
berserikat	3.1537782263151255e-05
dilansir	9.461334678945377e-05
mengurusi	9.461334678945377e-05
mengharamkan	3.1537782263151255e-05
dipahami	0.00018922669357890754
mengakses	0.00012615112905260502
berwujud	6.307556452630251e-05
dikategorikan	6.307556452630251e-05
diidentikkan	3.1537782263151255e-05
dijawab	3.1537782263151255e-05
digodok	3.1537782263151255e-05
diganggu	3.1537782263151255e-05
mempersulit	3.1537782263151255e-05
dicarikan	6.307556452630251e-05
dihindari	3.1537782263151255e-05
dipelajari	3.1537782263151255e-05
merepotkan	6.307556452630251e-05
diambil alih	6.307556452630251e-05
berdaya	6.307556452630251e-05
digumuli	3.1537782263151255e-05
menyimak	3.1537782263151255e-05
menggelisahkan	6.307556452630251e-05
mengubah bentuk	3.1537782263151255e-05
naik kelas	3.1537782263151255e-05
menyederhanakan	3.1537782263151255e-05
berhadapan	0.00012615112905260502
diharuskan	9.461334678945377e-05
berkeinginan	3.1537782263151255e-05
disyukuri	3.1537782263151255e-05
memupus	3.1537782263151255e-05
terhambat	9.461334678945377e-05
memperlakukan	3.1537782263151255e-05
merajut	3.1537782263151255e-05
menanggulangi	0.00015768891131575627
menatap	6.307556452630251e-05
dihantam	3.1537782263151255e-05
tersungkur	3.1537782263151255e-05
diletakkan	6.307556452630251e-05
berpijak	3.1537782263151255e-05
disemayamkan	3.1537782263151255e-05
bergulat	3.1537782263151255e-05
menyayat	3.1537782263151255e-05
bergegas	6.307556452630251e-05
mengulurkan tangan	3.1537782263151255e-05
gotong royong	3.1537782263151255e-05
menengok	6.307556452630251e-05
diberdayakan	9.461334678945377e-05
diderita	9.461334678945377e-05
memecahkan	0.00012615112905260502
diorganisir	3.1537782263151255e-05
dihubungkan	6.307556452630251e-05
melatih	0.00018922669357890754
menetes	6.307556452630251e-05
beraneka	6.307556452630251e-05
menumpukan	3.1537782263151255e-05
mengerucut	3.1537782263151255e-05
dimarginalisasi	3.1537782263151255e-05
meniadakan	3.1537782263151255e-05
dihabiskan	6.307556452630251e-05
berkomunikasi	6.307556452630251e-05
dipecahkan	6.307556452630251e-05
bergumul	3.1537782263151255e-05
putuskan	0.00025230225810521004
memperjuangkan	3.1537782263151255e-05
menyertai	0.00012615112905260502
terlayani	6.307556452630251e-05
diapresiasi	3.1537782263151255e-05
mengkaitkan	6.307556452630251e-05
menggoyahkan	3.1537782263151255e-05
dipraktikkan	3.1537782263151255e-05
tumbang	3.1537782263151255e-05
menandai	0.00012615112905260502
menelusupi	3.1537782263151255e-05
bergayut	3.1537782263151255e-05
mengenali	6.307556452630251e-05
diulang	6.307556452630251e-05
tersentuh	6.307556452630251e-05
menabung	0.00012615112905260502
diperlihatkan	6.307556452630251e-05
terbonsai	3.1537782263151255e-05
mendasarkan	9.461334678945377e-05
terlembaga	3.1537782263151255e-05
menumpukkan	3.1537782263151255e-05
menderita	0.0007569067743156302
memerankan	3.1537782263151255e-05
condong	3.1537782263151255e-05
diserap	3.1537782263151255e-05
disedot	3.1537782263151255e-05
diindikasikan	3.1537782263151255e-05
berkemampuan	6.307556452630251e-05
kumpulkan	3.1537782263151255e-05
terkurangi	6.307556452630251e-05
hadapi	6.307556452630251e-05
bermuara	3.1537782263151255e-05
diusahakan	6.307556452630251e-05
diminimalisasi	3.1537782263151255e-05
berbicara	0.0009145956856313864
tersalur	3.1537782263151255e-05
memuat	6.307556452630251e-05
dilayani	3.1537782263151255e-05
dijangkau	3.1537782263151255e-05
merakyat	3.1537782263151255e-05
me-manage	3.1537782263151255e-05
dioptimalkan	3.1537782263151255e-05
dipandang	0.0004730667339472688
menyamakan	3.1537782263151255e-05
laporkan	3.1537782263151255e-05
diperani	3.1537782263151255e-05
didefinisikan	3.1537782263151255e-05
mengupayakan	6.307556452630251e-05
dipertegas	3.1537782263151255e-05
dibilang	3.1537782263151255e-05
dirancang	0.0002207644758420588
bertumbuh	3.1537782263151255e-05
merekrut	6.307556452630251e-05
lapis	0.00015768891131575627
membimbing	6.307556452630251e-05
berinovasi	3.1537782263151255e-05
membina	9.461334678945377e-05
temu	6.307556452630251e-05
mengentaskan	0.00012615112905260502
tersendiri	9.461334678945377e-05
menghubungkan	0.00025230225810521004
dipikirkan	3.1537782263151255e-05
dipertimbangkan	0.00025230225810521004
dicantumkan	3.1537782263151255e-05
diundangkan	3.1537782263151255e-05
menyarikan	3.1537782263151255e-05
ajar	3.1537782263151255e-05
menggantung	3.1537782263151255e-05
dibakukan	3.1537782263151255e-05
diadopsi	3.1537782263151255e-05
dianut	6.307556452630251e-05
mengikutsertakan	3.1537782263151255e-05
suka	9.461334678945377e-05
diemban	3.1537782263151255e-05
mendasar	0.00015768891131575627
berazaskan	3.1537782263151255e-05
diadaptasi	3.1537782263151255e-05
dilestarikan	3.1537782263151255e-05
berumur	0.00015768891131575627
lunas	0.00015768891131575627
angsur	3.1537782263151255e-05
dimengerti	3.1537782263151255e-05
bertempat	3.1537782263151255e-05
dimakan	3.1537782263151255e-05
susut	3.1537782263151255e-05
menyelamatkan	0.0002207644758420588
terpelihara	3.1537782263151255e-05
dibina	3.1537782263151255e-05
berkelompok	3.1537782263151255e-05
telantar	9.461334678945377e-05
urus	3.1537782263151255e-05
membedakan	6.307556452630251e-05
mengkonsumsi	6.307556452630251e-05
melancarkan	0.001482275766368109
bersembunyi	0.00018922669357890754
tewas	0.005361422984735713
tergeletak	6.307556452630251e-05
dituduh	0.0009461334678945376
menewaskan	0.002302258105210042
diselundupkan	9.461334678945377e-05
didakwa	0.0002207644758420588
mempersenjatai	0.00012615112905260502
berunjuk rasa	9.461334678945377e-05
mengibarkan	0.00012615112905260502
meneriakkan	0.0002207644758420588
berjaga-jaga	3.1537782263151255e-05
melepaskan diri	3.1537782263151255e-05
diperiksa	0.00025230225810521004
berdarah	0.00025230225810521004
mengungsi	6.307556452630251e-05
menormalkan	3.1537782263151255e-05
menculik	0.0005046045162104201
merangkul	3.1537782263151255e-05
membakar	0.00031537782263151254
digulingkan	0.00025230225810521004
mengobarkan	0.00012615112905260502
mengecualikan	3.1537782263151255e-05
terperangkap	0.00018922669357890754
melalap	3.1537782263151255e-05
disinggahi	3.1537782263151255e-05
mencap	0.00012615112905260502
terbakar	0.0002838400403683613
merontokkan	3.1537782263151255e-05
berbahaya	0.0004415289516841176
dipalang	6.307556452630251e-05
lewat	0.00018922669357890754
menjenguk	6.307556452630251e-05
tercekik	3.1537782263151255e-05
mati	0.0004730667339472688
bermusuhan	6.307556452630251e-05
menghubungi	3.1537782263151255e-05
membongkar	3.1537782263151255e-05
dituduhkan	6.307556452630251e-05
menghalangi	0.00031537782263151254
memperlambat	6.307556452630251e-05
mengerjakan	0.00018922669357890754
berisikan	0.00015768891131575627
berahasia	3.1537782263151255e-05
dirawat	0.00031537782263151254
bersaudara	0.00012615112905260502
dioperasi	6.307556452630251e-05
membunuh	0.0011353601614734453
culik	3.1537782263151255e-05
menggubris	3.1537782263151255e-05
memerintahkan	0.00015768891131575627
murtad	3.1537782263151255e-05
bergolak	0.0003469156048946638
disandera	0.0002207644758420588
diculik	0.0007569067743156302
mengenakan	0.00015768891131575627
digorok	3.1537782263151255e-05
menghantam	0.0002207644758420588
pindah	6.307556452630251e-05
diguncang	6.307556452630251e-05
dikalahkan	9.461334678945377e-05
berpangkalan	0.00012615112905260502
dikabarkan	0.0002207644758420588
menghancurkan	0.0005361422984735714
diserang	0.00025230225810521004
menegakkan	3.1537782263151255e-05
terkurung	3.1537782263151255e-05
berkuasa	0.0006622934275261763
berdatangan	6.307556452630251e-05
mendarat	0.00031537782263151254
disangkal	3.1537782263151255e-05
membeku	6.307556452630251e-05
terbunuh	0.0005676800807367226
mengemban	6.307556452630251e-05
untuk	3.1537782263151255e-05
memainkan	0.00012615112905260502
menyorot	3.1537782263151255e-05
mengadili	9.461334678945377e-05
menuduh	0.0008830579033682352
dipolitisasi	3.1537782263151255e-05
terpilah	3.1537782263151255e-05
mengesampingkan	0.00025230225810521004
berseteru	3.1537782263151255e-05
diisolasi	6.307556452630251e-05
membersihkan	0.00018922669357890754
terlatih	3.1537782263151255e-05
habiskan	3.1537782263151255e-05
berkekuatan	0.0004415289516841176
dicela	3.1537782263151255e-05
berkulit	9.461334678945377e-05
menyeru	0.0005046045162104201
merundingkan	9.461334678945377e-05
bersikukuh	3.1537782263151255e-05
dibenarkan	3.1537782263151255e-05
dilangsungkan	3.1537782263151255e-05
menyimpang	3.1537782263151255e-05
bertempur	0.00012615112905260502
memeluk	9.461334678945377e-05
perangi	3.1537782263151255e-05
mengecek	6.307556452630251e-05
ditangguhkan	6.307556452630251e-05
menandaskan	9.461334678945377e-05
mempersatukan	6.307556452630251e-05
memberi suara	0.00015768891131575627
boikot	0.0002207644758420588
diboikot	3.1537782263151255e-05
mengemudikan	9.461334678945377e-05
berpakaian	3.1537782263151255e-05
berkata	0.0002838400403683613
dijebloskan	6.307556452630251e-05
istirahat	6.307556452630251e-05
berpenduduk	0.00031537782263151254
mengecam	0.00031537782263151254
mengekang	6.307556452630251e-05
mengabsahkan	3.1537782263151255e-05
meredakan	0.00018922669357890754
menyuarakan	6.307556452630251e-05
menangkap	0.0009461334678945376
berlandaskan	3.1537782263151255e-05
menyerukan	0.0006307556452630251
mencela	9.461334678945377e-05
tampil	3.1537782263151255e-05
menikahi	3.1537782263151255e-05
merayakan	0.00012615112905260502
menepis	3.1537782263151255e-05
manggung	6.307556452630251e-05
berdoa	6.307556452630251e-05
dijalani	6.307556452630251e-05
menembak	0.0003469156048946638
ditembak	0.0006938312097893276
menolong	6.307556452630251e-05
berperilaku	3.1537782263151255e-05
ditentang	6.307556452630251e-05
mensponsori	3.1537782263151255e-05
dikucilkan	3.1537782263151255e-05
memberi tahu	0.0004099911694209663
berunding	9.461334678945377e-05
menyarankan	0.0002207644758420588
diperangi	3.1537782263151255e-05
membangkang	3.1537782263151255e-05
ulang-alik	9.461334678945377e-05
melukai	0.0004730667339472688
pecah	3.1537782263151255e-05
mengangkat senjata	3.1537782263151255e-05
berpemerintahan	3.1537782263151255e-05
menyelidiki	0.00031537782263151254
melambatkan	3.1537782263151255e-05
menyadarkan	3.1537782263151255e-05
mempersempit	3.1537782263151255e-05
bunuh	0.0015453513308944114
menyerang	0.0010092090324208402
menyulut	0.0003784533871578151
mendalangi	0.00012615112905260502
membunuh diri	9.461334678945377e-05
dijatuhi	0.00018922669357890754
menjatuhkan hukuman	3.1537782263151255e-05
melegalkan	3.1537782263151255e-05
tertahankan	3.1537782263151255e-05
tumpang-tindih	6.307556452630251e-05
dibesar-besarkan	3.1537782263151255e-05
menghidupkan	0.00025230225810521004
memajang	3.1537782263151255e-05
tertembak	0.00015768891131575627
ditimpali	3.1537782263151255e-05
berjihad	3.1537782263151255e-05
menjemput	6.307556452630251e-05
melarikan diri	0.0004730667339472688
menyisihkan	6.307556452630251e-05
dikarantina	3.1537782263151255e-05
menangguhkan	3.1537782263151255e-05
menginterogasi	6.307556452630251e-05
membajak	6.307556452630251e-05
bersenjatakan	0.00015768891131575627
membelokkan	3.1537782263151255e-05
menerbangkan	9.461334678945377e-05
mendaratkan	3.1537782263151255e-05
membekuk	3.1537782263151255e-05
meloncat	3.1537782263151255e-05
lepas landas	0.00018922669357890754
berpisah	6.307556452630251e-05
berkencan	3.1537782263151255e-05
menyenangkan	0.00015768891131575627
mengkonfirmasi	0.0005676800807367226
berpawai	9.461334678945377e-05
memukuli	3.1537782263151255e-05
diciduk	6.307556452630251e-05
dipukuli	6.307556452630251e-05
memerintah	0.00031537782263151254
mengungkung	3.1537782263151255e-05
perlukan	3.1537782263151255e-05
dilancarkan	0.00031537782263151254
larut	0.00015768891131575627
menyandera	9.461334678945377e-05
mengeluhkan	0.00012615112905260502
menumpas	6.307556452630251e-05
menyergap	0.00012615112905260502
berbatasan	0.00031537782263151254
meledakkan	0.0004730667339472688
bentrok	0.00025230225810521004
bertepatan	6.307556452630251e-05
mengepung	0.00015768891131575627
dipenjara	0.00012615112905260502
bersalah	0.00025230225810521004
menggeledah	3.1537782263151255e-05
menakut-nakuti	3.1537782263151255e-05
berolahraga	3.1537782263151255e-05
beranjak	6.307556452630251e-05
menumbangkan	6.307556452630251e-05
mengampuni	6.307556452630251e-05
merampas	3.1537782263151255e-05
latih	6.307556452630251e-05
bertabrakan	0.0002838400403683613
diperkenankan	9.461334678945377e-05
pulang	0.00031537782263151254
dicoret	3.1537782263151255e-05
digantikan	6.307556452630251e-05
dipercayakan	3.1537782263151255e-05
berpenghuni	3.1537782263151255e-05
memalukan	9.461334678945377e-05
mengebom	0.0002207644758420588
melukiskan	3.1537782263151255e-05
menyensor	6.307556452630251e-05
bermarkas	0.00018922669357890754
memberangus	3.1537782263151255e-05
bertajuk	3.1537782263151255e-05
menyangka	3.1537782263151255e-05
menyebarkan	9.461334678945377e-05
meresahkan	3.1537782263151255e-05
putar	3.1537782263151255e-05
memenjarakan	9.461334678945377e-05
membayangi	3.1537782263151255e-05
dipenjarakan	6.307556452630251e-05
sengaja	0.00012615112905260502
dihukum	3.1537782263151255e-05
melewatkan	6.307556452630251e-05
membutakan	3.1537782263151255e-05
menyembunyikan	3.1537782263151255e-05
diduduki	0.00015768891131575627
beraliran	3.1537782263151255e-05
diruntuhkan	3.1537782263151255e-05
menyedihkan	6.307556452630251e-05
dielakkan	3.1537782263151255e-05
melengkapi	6.307556452630251e-05
ditugaskan	3.1537782263151255e-05
tempur	0.0005992178629998738
dipelopori	3.1537782263151255e-05
menangis	3.1537782263151255e-05
putus asa	6.307556452630251e-05
mengangkut	0.00018922669357890754
merawat	3.1537782263151255e-05
dipasangi	9.461334678945377e-05
hangus	3.1537782263151255e-05
terpisah	0.0005361422984735714
mengincar	9.461334678945377e-05
berkabut	6.307556452630251e-05
dipadati	3.1537782263151255e-05
terhantam	3.1537782263151255e-05
bersekongkol	0.00012615112905260502
terlarang	0.00015768891131575627
diselimuti	6.307556452630251e-05
mencurahkan	3.1537782263151255e-05
mendekam	3.1537782263151255e-05
mengingini	0.00012615112905260502
ditata	6.307556452630251e-05
terluka	0.0005046045162104201
meramalkan	9.461334678945377e-05
mencair	3.1537782263151255e-05
dipotong	3.1537782263151255e-05
dirampungkan	3.1537782263151255e-05
berperang	0.00012615112905260502
menormalisasi	6.307556452630251e-05
tukar-menukar	3.1537782263151255e-05
lalu-lalang	3.1537782263151255e-05
memergoki	3.1537782263151255e-05
menyiram	3.1537782263151255e-05
menyalakan	3.1537782263151255e-05
memperbarui	3.1537782263151255e-05
makan malam	6.307556452630251e-05
bersuara	3.1537782263151255e-05
ditampik	6.307556452630251e-05
berlangganan	3.1537782263151255e-05
dicabik	6.307556452630251e-05
mengomentari	3.1537782263151255e-05
menjadwalkan	3.1537782263151255e-05
berikrar	0.00012615112905260502
memveto	6.307556452630251e-05
mencuatkan	6.307556452630251e-05
mengesahkan	0.00015768891131575627
menyatukan	9.461334678945377e-05
termaktub	3.1537782263151255e-05
mengkampanyekan	6.307556452630251e-05
mengangkat diri	3.1537782263151255e-05
bersikeras	0.00012615112905260502
menyingkirkan	6.307556452630251e-05
menggulingkan	0.00031537782263151254
mengutuk	0.00012615112905260502
memainkan peran	0.00012615112905260502
menetap	3.1537782263151255e-05
diungsikan	9.461334678945377e-05
dimainkan	3.1537782263151255e-05
dibacakan	6.307556452630251e-05
membubung	0.00015768891131575627
berbaring	3.1537782263151255e-05
memangku	0.00015768891131575627
berkecamuk	6.307556452630251e-05
ditembakkan	0.00012615112905260502
melontarkan	6.307556452630251e-05
mempertangungjawabkan	3.1537782263151255e-05
mengegolkan	9.461334678945377e-05
menjerumuskan	3.1537782263151255e-05
teramalkan	3.1537782263151255e-05
menceburkan	3.1537782263151255e-05
berseragam	3.1537782263151255e-05
ditawan	6.307556452630251e-05
sekembali	9.461334678945377e-05
berpusat	0.00018922669357890754
memikul	6.307556452630251e-05
tertuduh	0.00012615112905260502
meletus	0.0002838400403683613
mengundurkan	0.0002838400403683613
mencomot	3.1537782263151255e-05
menggelapkan	3.1537782263151255e-05
memulihkan	0.00031537782263151254
membayang-bayangi	6.307556452630251e-05
melambangkan	3.1537782263151255e-05
mengirimi	3.1537782263151255e-05
ditayangkan	0.00012615112905260502
diledakkan	9.461334678945377e-05
disusuli	3.1537782263151255e-05
dihancurkan	9.461334678945377e-05
mendengungkan	3.1537782263151255e-05
diperintah	3.1537782263151255e-05
berbahasa	9.461334678945377e-05
memadamkan	9.461334678945377e-05
diklaim	0.00012615112905260502
mendapati	0.00018922669357890754
disengketakan	9.461334678945377e-05
campur tangan	6.307556452630251e-05
dipindahkan	0.0002207644758420588
mengadu	3.1537782263151255e-05
berkonsultasi	3.1537782263151255e-05
diberangkatkan	6.307556452630251e-05
mengecilkan	6.307556452630251e-05
ikut campur	3.1537782263151255e-05
melalukan	6.307556452630251e-05
menembaki	9.461334678945377e-05
mencurigai	6.307556452630251e-05
diidentifikasi	0.00025230225810521004
menembakkan	0.00012615112905260502
dipersenjatai	6.307556452630251e-05
menyiagakan	9.461334678945377e-05
digantung	9.461334678945377e-05
menangkal	9.461334678945377e-05
disiagakan	9.461334678945377e-05
disekap	6.307556452630251e-05
berpatroli	6.307556452630251e-05
kontra	0.00018922669357890754
jajak	0.0004099911694209663
menghilang	9.461334678945377e-05
berkendaraan	6.307556452630251e-05
berkabung	3.1537782263151255e-05
berserakan	3.1537782263151255e-05
tembak-menembak	0.00018922669357890754
panggul	3.1537782263151255e-05
dikenali	6.307556452630251e-05
dipesan	3.1537782263151255e-05
serap	3.1537782263151255e-05
diperlengkapi	3.1537782263151255e-05
dijatuhkan	9.461334678945377e-05
mengadopsi	3.1537782263151255e-05
menjatuhkan	0.0002207644758420588
disiksa	0.00012615112905260502
mengukur	3.1537782263151255e-05
menghirup	3.1537782263151255e-05
tetapkan	3.1537782263151255e-05
meluangkan	3.1537782263151255e-05
akui	3.1537782263151255e-05
mengharap	3.1537782263151255e-05
mengendarai	0.00012615112905260502
bermuatan	3.1537782263151255e-05
dirusak	6.307556452630251e-05
berdampingan	3.1537782263151255e-05
terencana	6.307556452630251e-05
membela	3.1537782263151255e-05
diinterogasi	0.0002207644758420588
diancam	6.307556452630251e-05
mendikte	3.1537782263151255e-05
berkeras	0.00015768891131575627
diberitahu	3.1537782263151255e-05
menggurui	3.1537782263151255e-05
memfitnah	3.1537782263151255e-05
mempermasalahkan	3.1537782263151255e-05
dihormati	3.1537782263151255e-05
berbunyi	6.307556452630251e-05
menindas	3.1537782263151255e-05
meruntuhkan	3.1537782263151255e-05
bermurah hati	3.1537782263151255e-05
terkoyak	6.307556452630251e-05
ronda	3.1537782263151255e-05
dikabari	3.1537782263151255e-05
melabrak	3.1537782263151255e-05
digali	3.1537782263151255e-05
dimakamkan	0.00015768891131575627
dikubur	9.461334678945377e-05
memakamkan	3.1537782263151255e-05
dikebumikan	3.1537782263151255e-05
dieksekusi	3.1537782263151255e-05
bersidang	6.307556452630251e-05
berhaluan	9.461334678945377e-05
dipenggal	6.307556452630251e-05
membalas dendam	3.1537782263151255e-05
tindak	3.1537782263151255e-05
terinci	0.00012615112905260502
mengamuk	3.1537782263151255e-05
melupakan	3.1537782263151255e-05
berhak	3.1537782263151255e-05
bergizi	3.1537782263151255e-05
teratur	3.1537782263151255e-05
disebarluaskan	6.307556452630251e-05
memberikan suara	6.307556452630251e-05
memprotes	0.00018922669357890754
terjatuh	3.1537782263151255e-05
dikembangbiakkan	3.1537782263151255e-05
menjelajahi	3.1537782263151255e-05
bertikai	6.307556452630251e-05
tembak	0.00018922669357890754
bermeriam	6.307556452630251e-05
memperebutkan	3.1537782263151255e-05
merenggut	0.00012615112905260502
bersiap	9.461334678945377e-05
tergelincir	3.1537782263151255e-05
menabrak	0.00015768891131575627
mendeskripsikan	3.1537782263151255e-05
memecat	9.461334678945377e-05
terpaut	3.1537782263151255e-05
terkuak	3.1537782263151255e-05
dipecat	9.461334678945377e-05
menunaikan	9.461334678945377e-05
mengambil sumpah	3.1537782263151255e-05
terselip	6.307556452630251e-05
diburu	0.00018922669357890754
menghalau	6.307556452630251e-05
berjanji	0.00031537782263151254
melacak	6.307556452630251e-05
dianalisis	3.1537782263151255e-05
terguling	9.461334678945377e-05
terarah	3.1537782263151255e-05
berlalu	3.1537782263151255e-05
terperinci	6.307556452630251e-05
mencemaskan	6.307556452630251e-05
diisi	3.1537782263151255e-05
membanting	3.1537782263151255e-05
berlumuran	3.1537782263151255e-05
terlacak	3.1537782263151255e-05
terpapar	3.1537782263151255e-05
tercemar	6.307556452630251e-05
bermutasi	3.1537782263151255e-05
menular	9.461334678945377e-05
bersekutu	6.307556452630251e-05
dihalau	6.307556452630251e-05
diracun	6.307556452630251e-05
beracun	6.307556452630251e-05
berkebangsaan	0.00012615112905260502
mengguncang	0.0005361422984735714
memboikot	9.461334678945377e-05
tangkap	3.1537782263151255e-05
memayungi	3.1537782263151255e-05
diusik	3.1537782263151255e-05
ditangkapi	3.1537782263151255e-05
mencari nafkah	3.1537782263151255e-05
mentoleransi	6.307556452630251e-05
membalikkan	6.307556452630251e-05
menggoncang	3.1537782263151255e-05
berbondong	3.1537782263151255e-05
berburu	6.307556452630251e-05
menggetarkan	6.307556452630251e-05
terbuat	3.1537782263151255e-05
digoncang	3.1537782263151255e-05
dipasang	9.461334678945377e-05
meninggal dunia	6.307556452630251e-05
menyambar	6.307556452630251e-05
menerpa	3.1537782263151255e-05
dipusatkan	0.00012615112905260502
derita	9.461334678945377e-05
naiki	3.1537782263151255e-05
diserahi	3.1537782263151255e-05
dikibarkan	6.307556452630251e-05
mengidap	3.1537782263151255e-05
tertular	3.1537782263151255e-05
menjangkiti	3.1537782263151255e-05
berdemonstrasi	6.307556452630251e-05
menyetir	3.1537782263151255e-05
terang-terangan	3.1537782263151255e-05
dideportasi	3.1537782263151255e-05
mencampuri	3.1537782263151255e-05
mendeportasi	3.1537782263151255e-05
mencurigakan	0.00012615112905260502
disesalkan	6.307556452630251e-05
disimpulkan	3.1537782263151255e-05
menarik kembali	3.1537782263151255e-05
ditinggalkan	3.1537782263151255e-05
berpegang	6.307556452630251e-05
merembes	3.1537782263151255e-05
dituruti	3.1537782263151255e-05
disarankan	3.1537782263151255e-05
berteknologi	6.307556452630251e-05
mengungguli	3.1537782263151255e-05
memusatkan	6.307556452630251e-05
berbaret	3.1537782263151255e-05
berbaris	3.1537782263151255e-05
terasing	3.1537782263151255e-05
bergiliran	3.1537782263151255e-05
mengaitkan	9.461334678945377e-05
mengulangi	9.461334678945377e-05
membintangi	3.1537782263151255e-05
berkelahi	6.307556452630251e-05
mengiklankan	9.461334678945377e-05
berlindung	0.00012615112905260502
terputus	9.461334678945377e-05
merendam	3.1537782263151255e-05
menelantarkan	3.1537782263151255e-05
terhenti	6.307556452630251e-05
menggembar-gemborkan	3.1537782263151255e-05
diselamatkan	3.1537782263151255e-05
dikendarai	3.1537782263151255e-05
dilanggar	3.1537782263151255e-05
siaga	6.307556452630251e-05
menyamar	9.461334678945377e-05
menguruk	3.1537782263151255e-05
menghabisi	6.307556452630251e-05
ditenggelamkan	3.1537782263151255e-05
ditembaki	3.1537782263151255e-05
tawar-menawar	3.1537782263151255e-05
menanyakan	3.1537782263151255e-05
melucuti	0.00015768891131575627
melangsungkan	3.1537782263151255e-05
menjurus	3.1537782263151255e-05
mengurungkan	6.307556452630251e-05
membalas	3.1537782263151255e-05
merenggangkan	3.1537782263151255e-05
berdaulat	3.1537782263151255e-05
menginjak	3.1537782263151255e-05
bergaya	6.307556452630251e-05
terhina	3.1537782263151255e-05
disusun	3.1537782263151255e-05
terpecah	3.1537782263151255e-05
berpacu	3.1537782263151255e-05
menasihati	3.1537782263151255e-05
juang	3.1537782263151255e-05
tersiar	6.307556452630251e-05
titip	3.1537782263151255e-05
memenggal	6.307556452630251e-05
memata-matai	3.1537782263151255e-05
bertarget	3.1537782263151255e-05
menyebar	0.00015768891131575627
menggarisbawahi	6.307556452630251e-05
bergambar	3.1537782263151255e-05
menampilkan	3.1537782263151255e-05
memfilmkan	3.1537782263151255e-05
disebarkan	3.1537782263151255e-05
berteriak	3.1537782263151255e-05
usir	3.1537782263151255e-05
memukul	3.1537782263151255e-05
menendang	3.1537782263151255e-05
menusuk	3.1537782263151255e-05
runtuh	6.307556452630251e-05
diperbarui	3.1537782263151255e-05
digemari	3.1537782263151255e-05
beriklim	3.1537782263151255e-05
merenovasi	3.1537782263151255e-05
menyita	6.307556452630251e-05
dikobarkan	3.1537782263151255e-05
batalkan	3.1537782263151255e-05
bersebelahan	9.461334678945377e-05
diparkir	6.307556452630251e-05
diaktifkan	6.307556452630251e-05
terdengar	3.1537782263151255e-05
terulang	0.00012615112905260502
bermalam	6.307556452630251e-05
mengkonsolidasikan	3.1537782263151255e-05
mengokohkan	3.1537782263151255e-05
diagendakan	3.1537782263151255e-05
menyelundupkan	6.307556452630251e-05
melilit	3.1537782263151255e-05
memberitahukan	3.1537782263151255e-05
menawari	6.307556452630251e-05
mengalahkan	0.00015768891131575627
dimodernisasi	3.1537782263151255e-05
dirundingkan	3.1537782263151255e-05
menoleh	3.1537782263151255e-05
menyegarkan	3.1537782263151255e-05
dipopoki	3.1537782263151255e-05
mendalami	3.1537782263151255e-05
mengiringi	6.307556452630251e-05
memverifikasi	3.1537782263151255e-05
bertarung	3.1537782263151255e-05
memanipulasi	3.1537782263151255e-05
membocorkan	3.1537782263151255e-05
dipersoalkan	3.1537782263151255e-05
ternama	3.1537782263151255e-05
memaafkan	3.1537782263151255e-05
terselubung	3.1537782263151255e-05
tertangkap	6.307556452630251e-05
kenal	3.1537782263151255e-05
melangsingkan	6.307556452630251e-05
tabrak lari	3.1537782263151255e-05
mogok	6.307556452630251e-05
diserukan	6.307556452630251e-05
merebak	9.461334678945377e-05
berpidato	6.307556452630251e-05
berulang kali	0.0002207644758420588
diabadikan	3.1537782263151255e-05
berenang	0.0002207644758420588
berpendidikan	6.307556452630251e-05
perlihatkan	3.1537782263151255e-05
merangsang	6.307556452630251e-05
bermanfaat	3.1537782263151255e-05
mengharuskan	6.307556452630251e-05
bertumpuk	3.1537782263151255e-05
melumpuh	3.1537782263151255e-05
melumpuhkan	9.461334678945377e-05
dicopot	3.1537782263151255e-05
menampik	3.1537782263151255e-05
bersimbah	3.1537782263151255e-05
diundang	6.307556452630251e-05
menyokong	3.1537782263151255e-05
dukung	3.1537782263151255e-05
berjangkit	3.1537782263151255e-05
mengkritik	3.1537782263151255e-05
suarakan	3.1537782263151255e-05
mengambil langkah	6.307556452630251e-05
nyanyikan	3.1537782263151255e-05
menginspirasi	3.1537782263151255e-05
bergembira	3.1537782263151255e-05
diperebutkan	3.1537782263151255e-05
terkucil	3.1537782263151255e-05
menyerah	9.461334678945377e-05
dilucuti	3.1537782263151255e-05
membabi buta	3.1537782263151255e-05
dideklarasikan	3.1537782263151255e-05
berpenumpang	3.1537782263151255e-05
terlempar	3.1537782263151255e-05
mengemudi	9.461334678945377e-05
menenteramkan	3.1537782263151255e-05
berbolak-balik	3.1537782263151255e-05
gambarkan	3.1537782263151255e-05
terjadwal	3.1537782263151255e-05
bercanda	6.307556452630251e-05
menelanjangi	3.1537782263151255e-05
menyesalkan	3.1537782263151255e-05
membelot	3.1537782263151255e-05
dibakar	6.307556452630251e-05
diusir	3.1537782263151255e-05
bersumpah	3.1537782263151255e-05
mendedikasikan	3.1537782263151255e-05
dipersalahkan	3.1537782263151255e-05
menyangkal	3.1537782263151255e-05
menempuh	6.307556452630251e-05
terkubur	6.307556452630251e-05
meliburkan	3.1537782263151255e-05
dihadang	6.307556452630251e-05
mengenyahkan	3.1537782263151255e-05
mempersembahkan	3.1537782263151255e-05
terorganisasi	3.1537782263151255e-05
yakini	3.1537782263151255e-05
meremehkan	3.1537782263151255e-05
menghampar	3.1537782263151255e-05
mempertanyakan	0.0002207644758420588
terhadapi	3.1537782263151255e-05
melimpah	3.1537782263151255e-05
dipulangkan	6.307556452630251e-05
dikokang	3.1537782263151255e-05
diberi tahu	6.307556452630251e-05
diterbangkan	6.307556452630251e-05
rebut	3.1537782263151255e-05
berwarna	3.1537782263151255e-05
berpangkal	3.1537782263151255e-05
mencemari	3.1537782263151255e-05
disiram	3.1537782263151255e-05
jibaku	0.0002838400403683613
ditabrakkan	3.1537782263151255e-05
menswastakan	9.461334678945377e-05
menjauh	3.1537782263151255e-05
memudar	3.1537782263151255e-05
terpinggirkan	3.1537782263151255e-05
menasionalisasi	3.1537782263151255e-05
tersingkir	3.1537782263151255e-05
menimbun	3.1537782263151255e-05
diamati	3.1537782263151255e-05
menonton	0.00015768891131575627
disantap	3.1537782263151255e-05
lolos	6.307556452630251e-05
menggagas	3.1537782263151255e-05
mengajari	3.1537782263151255e-05
terculik	3.1537782263151255e-05
mengelilingi	3.1537782263151255e-05
mengintimidasi	3.1537782263151255e-05
disukai	3.1537782263151255e-05
memprovokasi	3.1537782263151255e-05
menetralkan	3.1537782263151255e-05
berdebat	3.1537782263151255e-05
menonjol	3.1537782263151255e-05
mendebat	3.1537782263151255e-05
bertetangga	3.1537782263151255e-05
mengenang	3.1537782263151255e-05
ditanam	3.1537782263151255e-05
ditimpakan	3.1537782263151255e-05
menyasar	6.307556452630251e-05
peringatkan	3.1537782263151255e-05
mencengangkan	3.1537782263151255e-05
bersandi	3.1537782263151255e-05
berlubang-lubang	3.1537782263151255e-05
dilacak	3.1537782263151255e-05
terkikis	3.1537782263151255e-05
khawatirkan	3.1537782263151255e-05
mengambil risiko	3.1537782263151255e-05
bertanya-tanya	3.1537782263151255e-05
disalahkan	3.1537782263151255e-05
serang	6.307556452630251e-05
dideteksi	6.307556452630251e-05
divaksinasi	3.1537782263151255e-05
menerjang	6.307556452630251e-05
diadili	0.00015768891131575627
divonis	6.307556452630251e-05
disergap	6.307556452630251e-05
dibantah	3.1537782263151255e-05
berubah-ubah	3.1537782263151255e-05
dipertanyakan	6.307556452630251e-05
melicinkan	3.1537782263151255e-05
terjeblos	3.1537782263151255e-05
dicomot	3.1537782263151255e-05
disembunyikan	6.307556452630251e-05
mengedarkan	3.1537782263151255e-05
lancarkan	3.1537782263151255e-05
sergap	3.1537782263151255e-05
guncangkan	3.1537782263151255e-05
hancurkan	3.1537782263151255e-05
terselenggara	3.1537782263151255e-05
bervariasi	9.461334678945377e-05
keruntuhan	3.1537782263151255e-05
roboh	3.1537782263151255e-05
dimajukan	3.1537782263151255e-05
mengamandemen	3.1537782263151255e-05
minta maaf	3.1537782263151255e-05
berkewajiban	3.1537782263151255e-05
menyandang	3.1537782263151255e-05
menindak	6.307556452630251e-05
mengumandangkan	3.1537782263151255e-05
memungut	3.1537782263151255e-05
disamarkan	3.1537782263151255e-05
disegel	3.1537782263151255e-05
bertanah	3.1537782263151255e-05
menyekap	3.1537782263151255e-05
berpangku	3.1537782263151255e-05
menyiksa	3.1537782263151255e-05
dikoyak	3.1537782263151255e-05
bersejarah	9.461334678945377e-05
teratasi	3.1537782263151255e-05
dibekukan	3.1537782263151255e-05
berhadiah	3.1537782263151255e-05
berlambang	3.1537782263151255e-05
mati syahid	3.1537782263151255e-05
menyusuri	9.461334678945377e-05
kehabisan	3.1537782263151255e-05
pusing	3.1537782263151255e-05
mengigau	3.1537782263151255e-05
beristirahat	3.1537782263151255e-05
terobsesi	3.1537782263151255e-05
sampai	3.1537782263151255e-05
dijuluki	3.1537782263151255e-05
dituangkan	3.1537782263151255e-05
menyantap	3.1537782263151255e-05
renang	3.1537782263151255e-05
tersapu	3.1537782263151255e-05
mengira	6.307556452630251e-05
memberangkatkan	3.1537782263151255e-05
memutus	3.1537782263151255e-05
memisahkan	3.1537782263151255e-05
memblok	3.1537782263151255e-05
membagi-bagikan	3.1537782263151255e-05
berdosa	3.1537782263151255e-05
disasar	3.1537782263151255e-05
berkerumun	3.1537782263151255e-05
memperburuk	3.1537782263151255e-05
dialihtugaskan	6.307556452630251e-05
menagih	3.1537782263151255e-05
dibolehkan	3.1537782263151255e-05
menabrakkan	3.1537782263151255e-05
ditugasi	3.1537782263151255e-05
ternoda	3.1537782263151255e-05
didekati	3.1537782263151255e-05
berseberangan	3.1537782263151255e-05
memadati	3.1537782263151255e-05
teriak	3.1537782263151255e-05
terbelah	3.1537782263151255e-05
dikontrak	3.1537782263151255e-05
kemudikan	3.1537782263151255e-05
kecanduan	3.1537782263151255e-05
berhias	3.1537782263151255e-05
menghasut	3.1537782263151255e-05
pamer	3.1537782263151255e-05
berlantai	3.1537782263151255e-05
terikat	3.1537782263151255e-05
bersimpangan	3.1537782263151255e-05
menyebut-nyebut	3.1537782263151255e-05
menyusup	3.1537782263151255e-05
terdampar	3.1537782263151255e-05
membusuk	3.1537782263151255e-05
terbirit-birit	3.1537782263151255e-05
mengantar	3.1537782263151255e-05
diperkenalkan	3.1537782263151255e-05
mengesankan	3.1537782263151255e-05
mencaci	3.1537782263151255e-05
turut campur	3.1537782263151255e-05
membuang-buang	3.1537782263151255e-05
menghendaki	3.1537782263151255e-05
janjikan	3.1537782263151255e-05
menyayat hati	3.1537782263151255e-05
mempertunjukkan	3.1537782263151255e-05
memblokade	3.1537782263151255e-05
melintasi	3.1537782263151255e-05
mengekspresikan	3.1537782263151255e-05
meluaskan	3.1537782263151255e-05
menyertakan	3.1537782263151255e-05
mengajar	3.1537782263151255e-05
menggerebek	3.1537782263151255e-05
dibajak	3.1537782263151255e-05
melacurkan	3.1537782263151255e-05
peroleh	3.1537782263151255e-05
ditelantarkan	3.1537782263151255e-05
hamil	3.1537782263151255e-05
mengeksploitasi	3.1537782263151255e-05
dikata	3.1537782263151255e-05
mengerikan	3.1537782263151255e-05
dirongrong	3.1537782263151255e-05
memelopori	3.1537782263151255e-05
jatuh ke bawah	3.1537782263151255e-05
dibeberkan	3.1537782263151255e-05
belanja	3.1537782263151255e-05
dapatkan	3.1537782263151255e-05
dilatih	3.1537782263151255e-05
bertukar	6.307556452630251e-05
bersinar	3.1537782263151255e-05
menyangsikan	3.1537782263151255e-05
memuncak	3.1537782263151255e-05
dinegosiasikan	3.1537782263151255e-05
mempercayakan	3.1537782263151255e-05
mendesakkan	3.1537782263151255e-05
diposkan	3.1537782263151255e-05
memperdebatkan	3.1537782263151255e-05
menghukum	3.1537782263151255e-05
bicara	3.1537782263151255e-05
menerima kenyataan	3.1537782263151255e-05
menipu	3.1537782263151255e-05
memimpikan	3.1537782263151255e-05
mematahkan	3.1537782263151255e-05
dijarah	3.1537782263151255e-05
dikepung	3.1537782263151255e-05
kabur	3.1537782263151255e-05
berjarak	3.1537782263151255e-05
dibunyikan	6.307556452630251e-05
diperintahkan	3.1537782263151255e-05
mengungsikan	3.1537782263151255e-05
menyeberangi	3.1537782263151255e-05
memuji	3.1537782263151255e-05
mendahului	3.1537782263151255e-05
bersabar	3.1537782263151255e-05
dikesampingkan	3.1537782263151255e-05
